rank,row_index,customerID,calibrated_probability,actual_churn,budget_before,success,budget_after,cumulative_profit
1,1221,0295-PPHDO,1.0,1,1000,True,1090,90
2,1109,1069-XAIEM,1.0,1,1090,True,1180,180
3,1090,5178-LMXOP,1.0,1,1180,True,1270,270
4,51,7181-BQYBV,1.0,1,1270,True,1360,360
5,276,0235-KGSLC,0.8960396039603961,1,1360,True,1450,450
6,1233,0390-DCFDQ,0.8960396039603961,1,1450,True,1540,540
7,1188,0655-RBDUG,0.8960396039603961,1,1540,True,1630,630
8,1393,0679-IDSTG,0.8960396039603961,1,1630,True,1720,720
9,1178,0841-NULXI,0.8960396039603961,1,1720,True,1810,810
10,83,0970-ETWGE,0.8960396039603961,1,1810,True,1900,900
11,788,1143-NMNQJ,0.8960396039603961,1,1900,True,1990,990
12,1138,1400-MMYXY,0.8960396039603961,1,1990,True,2080,1080
13,542,1448-PWKYE,0.8960396039603961,1,2080,True,2170,1170
14,952,1628-BIZYP,0.8960396039603961,0,2170,False,2160,1160
15,98,1768-ZAIFU,0.8960396039603961,1,2160,True,2250,1250
16,341,1820-TQVEV,0.8960396039603961,1,2250,True,2340,1340
17,911,1853-UDXBW,0.8960396039603961,1,2340,True,2430,1430
18,285,2027-FECZV,0.8960396039603961,1,2430,True,2520,1520
19,34,2034-GDRCN,0.8960396039603961,1,2520,True,2610,1610
20,762,2202-CUYXZ,0.8960396039603961,1,2610,True,2700,1700
21,733,2254-DLXRI,0.8960396039603961,0,2700,False,2690,1690
22,171,2514-GINMM,0.8960396039603961,1,2690,True,2780,1780
23,889,2545-EBUPK,0.8960396039603961,0,2780,False,2770,1770
24,1259,2609-IAICY,0.8960396039603961,1,2770,True,2860,1860
25,1,2754-SDJRD,0.8960396039603961,0,2860,False,2850,1850
26,1197,2865-TCHJW,0.8960396039603961,1,2850,True,2940,1940
27,435,2867-UIMSS,0.8960396039603961,1,2940,True,3030,2030
28,947,3006-XIMLN,0.8960396039603961,1,3030,True,3120,2120
29,1366,3244-DCJWY,0.8960396039603961,1,3120,True,3210,2210
30,1083,3422-LYEPQ,0.8960396039603961,1,3210,True,3300,2300
31,1116,3707-GNWHM,0.8960396039603961,1,3300,True,3390,2390
32,740,3716-BDVDB,0.8960396039603961,1,3390,True,3480,2480
33,278,3722-WPXTK,0.8960396039603961,1,3480,True,3570,2570
34,38,4415-IJZTP,0.8960396039603961,1,3570,True,3660,2660
35,630,4587-VVTOX,0.8960396039603961,1,3660,True,3750,2750
36,510,4750-ZRXIU,0.8960396039603961,1,3750,True,3840,2840
37,41,4927-WWOOZ,0.8960396039603961,0,3840,False,3830,2830
38,872,5167-ZFFMM,0.8960396039603961,1,3830,True,3920,2920
39,816,5186-SAMNZ,0.8960396039603961,1,3920,True,4010,3010
40,813,5196-SGOAK,0.8960396039603961,1,4010,True,4100,3100
41,124,5376-DEQCP,0.8960396039603961,1,4100,True,4190,3190
42,713,5419-CONWX,0.8960396039603961,1,4190,True,4280,3280
43,629,5542-TBBWB,0.8960396039603961,0,4280,False,4270,3270
44,647,6023-YEBUP,0.8960396039603961,1,4270,True,4360,3360
45,344,6230-BSUXY,0.8960396039603961,1,4360,True,4450,3450
46,771,6372-RFVNS,0.8960396039603961,1,4450,True,4540,3540
47,1355,6630-UJZMY,0.8960396039603961,0,4540,False,4530,3530
48,710,6857-VWJDT,0.8960396039603961,1,4530,True,4620,3620
49,1175,6861-XWTWQ,0.8960396039603961,1,4620,True,4710,3710
50,121,6910-HADCM,0.8960396039603961,1,4710,True,4800,3800
51,234,7180-PISOG,0.8960396039603961,1,4800,True,4890,3890
52,359,7209-JCUDS,0.8960396039603961,1,4890,True,4980,3980
53,749,7409-KIUTL,0.8960396039603961,1,4980,True,5070,4070
54,995,8161-QYMTT,0.8960396039603961,0,5070,False,5060,4060
55,1289,8375-DKEBR,0.8960396039603961,1,5060,True,5150,4150
56,594,8380-PEFPE,0.8960396039603961,1,5150,True,5240,4240
57,654,8593-WHYHV,0.8960396039603961,1,5240,True,5330,4330
58,746,8622-ZLFKO,0.8960396039603961,0,5330,False,5320,4320
59,814,8739-XNIKG,0.8960396039603961,0,5320,False,5310,4310
60,1222,8775-ERLNB,0.8960396039603961,0,5310,False,5300,4300
61,69,8821-XNHVZ,0.8960396039603961,1,5300,True,5390,4390
62,1164,8884-ADFVN,0.8960396039603961,1,5390,True,5480,4480
63,627,9057-SIHCH,0.8960396039603961,1,5480,True,5570,4570
64,618,9248-OJYKK,0.8960396039603961,1,5570,True,5660,4660
65,940,9507-EXLTT,0.8960396039603961,1,5660,True,5750,4750
66,1252,9804-ICWBG,0.8960396039603961,1,5750,True,5840,4840
67,728,1320-HTRDR,0.8354430379746833,1,5840,True,5930,4930
68,533,1731-TVIUK,0.8354430379746833,1,5930,True,6020,5020
69,484,3292-PBZEJ,0.8354430379746833,0,6020,False,6010,5010
70,1092,3320-VEOYC,0.8354430379746833,0,6010,False,6000,5000
71,224,3338-CVVEH,0.8354430379746833,0,6000,False,5990,4990
72,604,4445-ZJNMU,0.8354430379746833,0,5990,False,5980,4980
73,417,4713-LZDRV,0.8354430379746833,1,5980,True,6070,5070
74,1118,5052-PNLOS,0.8354430379746833,1,6070,True,6160,5160
75,900,6137-NICCO,0.8354430379746833,0,6160,False,6150,5150
76,454,6969-MVBAI,0.8354430379746833,0,6150,False,6140,5140
77,621,6979-ZNSFF,0.8354430379746833,1,6140,True,6230,5230
78,828,7817-BOQPW,0.8354430379746833,1,6230,True,6320,5320
79,154,8258-GSTJK,0.8354430379746833,1,6320,True,6410,5410
80,100,9221-OTIVJ,0.8354430379746833,1,6410,True,6500,5500
81,29,9611-CTWIH,0.8354430379746833,1,6500,True,6590,5590
82,648,9940-RHLFB,0.8354430379746833,1,6590,True,6680,5680
83,1034,7249-WBIYX,0.7888916182680666,1,6680,True,6770,5770
84,1133,7218-HKQFK,0.7777777777777778,1,6770,True,6860,5860
85,566,0616-ATFGB,0.6666666666666666,1,6860,True,6950,5950
86,114,1024-GUALD,0.6666666666666666,1,6950,True,7040,6040
87,693,3519-ZKXGG,0.6666666666666666,1,7040,True,7130,6130
88,1285,4090-KPJIP,0.6666666666666666,0,7130,False,7120,6120
89,229,4115-NZRKS,0.6666666666666666,0,7120,False,7110,6110
90,304,6328-ZPBGN,0.6666666666666666,1,7110,True,7200,6200
91,586,8083-YTZES,0.6666666666666666,1,7200,True,7290,6290
92,235,8443-ZRDBZ,0.6666666666666666,1,7290,True,7380,6380
93,488,9878-TNQGW,0.6666666666666666,1,7380,True,7470,6470
94,1127,5698-BQJOH,0.6472660232733308,1,7470,True,7560,6560
95,1338,3877-JRJIP,0.6470588235294118,1,7560,True,7650,6650
96,568,8245-UMPYT,0.6470588235294118,1,7650,True,7740,6740
97,27,0871-URUWO,0.6415094339622641,1,7740,True,7830,6830
98,634,1751-NCDLI,0.6415094339622641,0,7830,False,7820,6820
99,954,1980-KXVPM,0.6415094339622641,1,7820,True,7910,6910
100,1048,2077-MPJQO,0.6415094339622641,0,7910,False,7900,6900
101,360,2485-ITVKB,0.6415094339622641,1,7900,True,7990,6990
102,1300,2495-INZWQ,0.6415094339622641,1,7990,True,8080,7080
103,1286,2737-YNGYW,0.6415094339622641,1,8080,True,8170,7170
104,774,2959-MJHIC,0.6415094339622641,1,8170,True,8260,7260
105,663,3030-YDNRM,0.6415094339622641,0,8260,False,8250,7250
106,1257,3063-QFSZL,0.6415094339622641,1,8250,True,8340,7340
107,46,3199-XGZCY,0.6415094339622641,0,8340,False,8330,7330
108,593,3585-ISXZP,0.6415094339622641,1,8330,True,8420,7420
109,240,3677-IYRBF,0.6415094339622641,1,8420,True,8510,7510
110,882,3721-CNEYS,0.6415094339622641,1,8510,True,8600,7600
111,182,4229-CZMLL,0.6415094339622641,1,8600,True,8690,7690
112,1274,4342-HENTK,0.6415094339622641,1,8690,True,8780,7780
113,13,4706-AXVKM,0.6415094339622641,1,8780,True,8870,7870
114,408,4735-ASGMA,0.6415094339622641,1,8870,True,8960,7960
115,1066,4806-KEXQR,0.6415094339622641,1,8960,True,9050,8050
116,246,4919-IKATY,0.6415094339622641,1,9050,True,9140,8140
117,1117,5159-YFPKQ,0.6415094339622641,1,9140,True,9230,8230
118,1399,5357-TZHPP,0.6415094339622641,1,9230,True,9320,8320
119,1215,5382-SOYZL,0.6415094339622641,0,9320,False,9310,8310
120,1082,5501-TVMGM,0.6415094339622641,0,9310,False,9300,8300
121,898,6077-BDPXA,0.6415094339622641,0,9300,False,9290,8290
122,880,6608-QQLVK,0.6415094339622641,1,9290,True,9380,8380
123,1327,6821-BUXUX,0.6415094339622641,1,9380,True,9470,8470
124,943,6856-RAURS,0.6415094339622641,0,9470,False,9460,8460
125,228,6892-XPFPU,0.6415094339622641,1,9460,True,9550,8550
126,794,7005-CCBKV,0.6415094339622641,1,9550,True,9640,8640
127,958,7130-VTEWQ,0.6415094339622641,1,9640,True,9730,8730
128,20,7235-NXZCP,0.6415094339622641,1,9730,True,9820,8820
129,567,7273-TEFQD,0.6415094339622641,1,9820,True,9910,8910
130,1123,7354-OIJLX,0.6415094339622641,0,9910,False,9900,8900
131,495,7952-OBOYL,0.6415094339622641,0,9900,False,9890,8890
132,275,8132-YPVBX,0.6415094339622641,0,9890,False,9880,8880
133,310,8266-VBFQL,0.6415094339622641,0,9880,False,9870,8870
134,1088,8361-LTMKD,0.6415094339622641,1,9870,True,9960,8960
135,726,8445-DNBAE,0.6415094339622641,0,9960,False,9950,8950
136,1298,8541-QVFKM,0.6415094339622641,0,9950,False,9940,8940
137,987,8752-STIVR,0.6415094339622641,1,9940,True,10030,9030
138,973,9334-GWGOW,0.6415094339622641,0,10030,False,10020,9020
139,830,9685-WKZGT,0.6415094339622641,1,10020,True,10110,9110
140,555,9717-QEBGU,0.6415094339622641,0,10110,False,10100,9100
141,264,9747-DDZOS,0.6415094339622641,1,10100,True,10190,9190
142,45,9851-KIELU,0.6415094339622641,1,10190,True,10280,9280
143,87,9907-SWKKF,0.6415094339622641,1,10280,True,10370,9370
144,833,0004-TLHLJ,0.6304347826086957,1,10370,True,10460,9460
145,111,0432-CAJZV,0.6304347826086957,0,10460,False,10450,9450
146,1270,0506-LVNGN,0.6304347826086957,1,10450,True,10540,9540
147,556,0876-WDUUZ,0.6304347826086957,1,10540,True,10630,9630
148,914,2057-ZBLPD,0.6304347826086957,1,10630,True,10720,9720
149,920,2439-LYPMQ,0.6304347826086957,0,10720,False,10710,9710
150,960,2761-OCIAX,0.6304347826086957,1,10710,True,10800,9800
151,1056,2845-HSJCY,0.6304347826086957,1,10800,True,10890,9890
152,1172,2985-FMWYF,0.6304347826086957,0,10890,False,10880,9880
153,948,3750-CKVKH,0.6304347826086957,1,10880,True,10970,9970
154,653,4631-OACRM,0.6304347826086957,1,10970,True,11060,10060
155,1208,4706-DGAHW,0.6304347826086957,0,11060,False,11050,10050
156,966,5480-HPRRX,0.6304347826086957,1,11050,True,11140,10140
157,387,6000-APYLU,0.6304347826086957,1,11140,True,11230,10230
158,1288,6047-YHPVI,0.6304347826086957,1,11230,True,11320,10320
159,349,7029-RPUAV,0.6304347826086957,1,11320,True,11410,10410
160,1211,7198-GLXTC,0.6304347826086957,1,11410,True,11500,10500
161,711,7363-QTBIW,0.6304347826086957,0,11500,False,11490,10490
162,1379,7495-OOKFY,0.6304347826086957,1,11490,True,11580,10580
163,904,8080-DDEMJ,0.6304347826086957,1,11580,True,11670,10670
164,383,9741-YLNTD,0.6304347826086957,0,11670,False,11660,10660
165,572,3908-BLSYF,0.6179988812391176,1,11660,True,11750,10750
166,1373,0023-XUOPT,0.6047619047619047,1,11750,True,11840,10840
167,449,0258-NOKBL,0.6047619047619047,0,11840,False,11830,10830
168,180,0330-IVZHA,0.6047619047619047,1,11830,True,11920,10920
169,266,0388-EOPEX,0.6047619047619047,1,11920,True,12010,11010
170,288,0524-IAVZO,0.6047619047619047,1,12010,True,12100,11100
171,949,0576-WNXXC,0.6047619047619047,1,12100,True,12190,11190
172,538,0685-MLYYM,0.6047619047619047,1,12190,True,12280,11280
173,1267,0923-PNFUB,0.6047619047619047,1,12280,True,12370,11370
174,245,0952-KMEEH,0.6047619047619047,1,12370,True,12460,11460
175,1102,0958-YHXGP,0.6047619047619047,0,12460,False,12450,11450
176,548,0988-JRWWP,0.6047619047619047,0,12450,False,12440,11440
177,491,1016-DJTSV,0.6047619047619047,0,12440,False,12430,11430
178,480,1077-HUUJM,0.6047619047619047,0,12430,False,12420,11420
179,411,1112-CUNAO,0.6047619047619047,1,12420,True,12510,11510
180,17,1379-FRVEB,0.6047619047619047,0,12510,False,12500,11500
181,881,1475-VWVDO,0.6047619047619047,0,12500,False,12490,11490
182,370,1522-VVDMG,0.6047619047619047,1,12490,True,12580,11580
183,282,1536-HBSWP,0.6047619047619047,0,12580,False,12570,11570
184,302,1658-TJVOA,0.6047619047619047,0,12570,False,12560,11560
185,743,1867-BDVFH,0.6047619047619047,1,12560,True,12650,11650
186,1027,1942-OQFRW,0.6047619047619047,0,12650,False,12640,11640
187,601,2025-JKFWI,0.6047619047619047,1,12640,True,12730,11730
188,993,2187-PKZAY,0.6047619047619047,0,12730,False,12720,11720
189,311,2325-NBPZG,0.6047619047619047,0,12720,False,12710,11710
190,735,2386-LAHRK,0.6047619047619047,1,12710,True,12800,11800
191,101,2482-CZGBB,0.6047619047619047,1,12800,True,12890,11890
192,371,2665-NPTGL,0.6047619047619047,0,12890,False,12880,11880
193,55,2754-XBHTB,0.6047619047619047,1,12880,True,12970,11970
194,450,2800-QQUSO,0.6047619047619047,0,12970,False,12960,11960
195,90,2860-RANUS,0.6047619047619047,1,12960,True,13050,12050
196,319,2919-HBCJO,0.6047619047619047,1,13050,True,13140,12140
197,1159,3334-CTHOL,0.6047619047619047,1,13140,True,13230,12230
198,723,3365-SAIGS,0.6047619047619047,0,13230,False,13220,12220
199,1333,3627-FHKBK,0.6047619047619047,1,13220,True,13310,12310
200,1093,3672-YITQD,0.6047619047619047,1,13310,True,13400,12400
201,502,3717-OEAUQ,0.6047619047619047,0,13400,False,13390,12390
202,244,3891-PUQOD,0.6047619047619047,1,13390,True,13480,12480
203,142,3966-HRMZA,0.6047619047619047,0,13480,False,13470,12470
204,1396,4029-HPFVY,0.6047619047619047,0,13470,False,13460,12460
205,399,4237-RLAQD,0.6047619047619047,1,13460,True,13550,12550
206,192,4283-FUTGF,0.6047619047619047,1,13550,True,13640,12640
207,641,4301-VVZKA,0.6047619047619047,0,13640,False,13630,12630
208,573,4317-VTEOA,0.6047619047619047,1,13630,True,13720,12720
209,1064,4512-ZUIYL,0.6047619047619047,1,13720,True,13810,12810
210,678,4678-DVQEO,0.6047619047619047,1,13810,True,13900,12900
211,5,4686-UXDML,0.6047619047619047,0,13900,False,13890,12890
212,674,4817-VYYWS,0.6047619047619047,1,13890,True,13980,12980
213,1236,4873-ILOLJ,0.6047619047619047,1,13980,True,14070,13070
214,427,4983-CCWMC,0.6047619047619047,0,14070,False,14060,13060
215,1213,5133-POWUA,0.6047619047619047,0,14060,False,14050,13050
216,1191,5144-TVGLP,0.6047619047619047,0,14050,False,14040,13040
217,1339,5228-EXCET,0.6047619047619047,1,14040,True,14130,13130
218,734,5339-PXDVH,0.6047619047619047,0,14130,False,14120,13120
219,818,5380-WJKOV,0.6047619047619047,1,14120,True,14210,13210
220,321,5442-BHQNG,0.6047619047619047,0,14210,False,14200,13200
221,1269,5628-FCGYG,0.6047619047619047,0,14200,False,14190,13190
222,158,5692-FPTAH,0.6047619047619047,1,14190,True,14280,13280
223,770,6034-YMTOB,0.6047619047619047,0,14280,False,14270,13270
224,1249,6048-QBXKL,0.6047619047619047,0,14270,False,14260,13260
225,712,6158-HDPXZ,0.6047619047619047,0,14260,False,14250,13250
226,336,6166-ILMNY,0.6047619047619047,1,14250,True,14340,13340
227,156,6175-IRFIT,0.6047619047619047,0,14340,False,14330,13330
228,157,6317-YPKDH,0.6047619047619047,1,14330,True,14420,13420
229,231,6319-IEJWJ,0.6047619047619047,1,14420,True,14510,13510
230,1250,6338-AVWCY,0.6047619047619047,1,14510,True,14600,13600
231,907,6376-GAHQE,0.6047619047619047,1,14600,True,14690,13690
232,718,6507-ZJSUR,0.6047619047619047,0,14690,False,14680,13680
233,921,6543-XRMYR,0.6047619047619047,1,14680,True,14770,13770
234,1320,6651-AZVTJ,0.6047619047619047,1,14770,True,14860,13860
235,1120,6661-HBGWL,0.6047619047619047,1,14860,True,14950,13950
236,1058,6680-WKXRZ,0.6047619047619047,1,14950,True,15040,14040
237,957,6705-LXORM,0.6047619047619047,0,15040,False,15030,14030
238,128,6712-OAWRH,0.6047619047619047,1,15030,True,15120,14120
239,1007,6899-PPEEA,0.6047619047619047,1,15120,True,15210,14210
240,925,7054-LGEQW,0.6047619047619047,1,15210,True,15300,14300
241,950,7056-IMHCC,0.6047619047619047,1,15300,True,15390,14390
242,322,7250-EQKIY,0.6047619047619047,1,15390,True,15480,14480
243,412,7571-YXDAD,0.6047619047619047,1,15480,True,15570,14570
244,894,7663-RGWBC,0.6047619047619047,1,15570,True,15660,14660
245,357,7748-UMTRK,0.6047619047619047,0,15660,False,15650,14650
246,980,7851-FLGGQ,0.6047619047619047,1,15650,True,15740,14740
247,1334,7861-UVUFT,0.6047619047619047,1,15740,True,15830,14830
248,557,7881-EVUAD,0.6047619047619047,1,15830,True,15920,14920
249,1346,7912-SYRQT,0.6047619047619047,1,15920,True,16010,15010
250,369,7928-VJYAB,0.6047619047619047,0,16010,False,16000,15000
251,1074,8212-DJRCH,0.6047619047619047,0,16000,False,15990,14990
252,979,8280-MQRQN,0.6047619047619047,1,15990,True,16080,15080
253,603,8397-MVTAZ,0.6047619047619047,1,16080,True,16170,15170
254,544,8650-RHRKE,0.6047619047619047,1,16170,True,16260,15260
255,1158,8676-TRMJS,0.6047619047619047,1,16260,True,16350,15350
256,847,8699-ASUFO,0.6047619047619047,1,16350,True,16440,15440
257,581,8709-KRDVL,0.6047619047619047,0,16440,False,16430,15430
258,1040,8739-WWKDU,0.6047619047619047,1,16430,True,16520,15520
259,499,8818-DOPVL,0.6047619047619047,0,16520,False,16510,15510
260,86,8873-GLDMH,0.6047619047619047,0,16510,False,16500,15500
261,493,8903-XEBGX,0.6047619047619047,0,16500,False,16490,15490
262,622,8938-UMKPI,0.6047619047619047,1,16490,True,16580,15580
263,854,8993-PHFWD,0.6047619047619047,1,16580,True,16670,15670
264,327,9054-FOWNV,0.6047619047619047,0,16670,False,16660,15660
265,1292,9227-LUNBG,0.6047619047619047,1,16660,True,16750,15750
266,1171,9279-CJEOJ,0.6047619047619047,0,16750,False,16740,15740
267,389,9420-LOJKX,0.6047619047619047,1,16740,True,16830,15830
268,1146,9576-ANLXO,0.6047619047619047,1,16830,True,16920,15920
269,113,9638-JIQYA,0.6047619047619047,0,16920,False,16910,15910
270,839,9643-AVVWI,0.6047619047619047,0,16910,False,16900,15900
271,1229,9692-TUSXH,0.6047619047619047,1,16900,True,16990,15990
272,269,9752-ZNQUT,0.6047619047619047,0,16990,False,16980,15980
273,685,9840-DVNDC,0.6047619047619047,1,16980,True,17070,16070
274,976,0581-BXBUB,0.5238095238095238,0,17070,False,17060,16060
275,239,0899-LIIBW,0.5238095238095238,0,17060,False,17050,16050
276,1112,2672-OJQZP,0.5238095238095238,0,17050,False,17040,16040
277,707,4846-WHAFZ,0.5238095238095238,1,17040,True,17130,16130
278,426,5022-JNQEQ,0.5238095238095238,0,17130,False,17120,16120
279,392,5129-JLPIS,0.5238095238095238,0,17120,False,17110,16110
280,116,7587-RZNME,0.5238095238095238,1,17110,True,17200,16200
281,1148,8696-JKZNU,0.5238095238095238,1,17200,True,17290,16290
282,783,5759-RCVCB,0.5,1,17290,True,17380,16380
283,1053,7181-OQCUT,0.5,0,17380,False,17370,16370
284,1186,0322-CHQRU,0.4976303317535545,1,17370,True,17460,16460
285,1152,0682-USIXD,0.4976303317535545,0,17460,False,17450,16450
286,913,1035-IPQPU,0.4976303317535545,0,17450,False,17440,16440
287,347,1092-GANHU,0.4976303317535545,1,17440,True,17530,16530
288,589,1236-WFCDV,0.4976303317535545,1,17530,True,17620,16620
289,797,1240-KNSEZ,0.4976303317535545,1,17620,True,17710,16710
290,277,1302-UHBDD,0.4976303317535545,0,17710,False,17700,16700
291,775,1319-YLZJG,0.4976303317535545,0,17700,False,17690,16690
292,280,1335-NTIUC,0.4976303317535545,0,17690,False,17680,16680
293,191,1471-GIQKQ,0.4976303317535545,0,17680,False,17670,16670
294,1106,1833-TCXKK,0.4976303317535545,0,17670,False,17660,16660
295,994,1895-QTKDO,0.4976303317535545,0,17660,False,17650,16650
296,523,1902-XBTFB,0.4976303317535545,1,17650,True,17740,16740
297,1216,1989-PRJHP,0.4976303317535545,1,17740,True,17830,16830
298,481,2041-JIJCI,0.4976303317535545,0,17830,False,17820,16820
299,198,2277-DJJDL,0.4976303317535545,0,17820,False,17810,16810
300,1067,2369-FEVNO,0.4976303317535545,0,17810,False,17800,16800
301,284,2694-CIUMO,0.4976303317535545,0,17800,False,17790,16790
302,1126,3197-ARFOY,0.4976303317535545,0,17790,False,17780,16780
303,906,3312-UUMZW,0.4976303317535545,0,17780,False,17770,16770
304,1061,3374-LXDEV,0.4976303317535545,1,17770,True,17860,16860
305,1386,3524-WQDSG,0.4976303317535545,0,17860,False,17850,16850
306,1187,3587-PMCOY,0.4976303317535545,0,17850,False,17840,16840
307,65,3658-KIBGF,0.4976303317535545,1,17840,True,17930,16930
308,93,3858-VOBET,0.4976303317535545,1,17930,True,18020,17020
309,1217,4154-AQUGT,0.4976303317535545,1,18020,True,18110,17110
310,211,4223-WOZCM,0.4976303317535545,0,18110,False,18100,17100
311,1271,4329-YPDDQ,0.4976303317535545,0,18100,False,18090,17090
312,826,4412-YLTKF,0.4976303317535545,1,18090,True,18180,17180
313,479,4547-LYTDD,0.4976303317535545,1,18180,True,18270,17270
314,1073,4647-MUZON,0.4976303317535545,0,18270,False,18260,17260
315,88,4658-HCOHW,0.4976303317535545,1,18260,True,18350,17350
316,1377,4818-QIUFN,0.4976303317535545,1,18350,True,18440,17440
317,94,5103-MHMHY,0.4976303317535545,1,18440,True,18530,17530
318,571,5207-PLSTK,0.4976303317535545,0,18530,False,18520,17520
319,1390,5331-RGMTT,0.4976303317535545,0,18520,False,18510,17510
320,31,5351-QESIO,0.4976303317535545,0,18510,False,18500,17500
321,1190,5650-YLIBA,0.4976303317535545,0,18500,False,18490,17490
322,817,5760-FXFVO,0.4976303317535545,0,18490,False,18480,17480
323,1352,5889-JTMUL,0.4976303317535545,1,18480,True,18570,17570
324,1094,6080-TCMYC,0.4976303317535545,0,18570,False,18560,17560
325,559,6377-WHAOX,0.4976303317535545,0,18560,False,18550,17550
326,1022,6557-BZXLQ,0.4976303317535545,0,18550,False,18540,17540
327,102,7018-WBJNK,0.4976303317535545,0,18540,False,18530,17530
328,764,7278-CKDNC,0.4976303317535545,0,18530,False,18520,17520
329,1200,7279-BUYWN,0.4976303317535545,1,18520,True,18610,17610
330,1224,7410-YTJIK,0.4976303317535545,1,18610,True,18700,17700
331,72,7534-BFESC,0.4976303317535545,1,18700,True,18790,17790
332,441,7603-USHJS,0.4976303317535545,1,18790,True,18880,17880
333,194,8059-UDZFY,0.4976303317535545,0,18880,False,18870,17870
334,448,8160-HOWOX,0.4976303317535545,0,18870,False,18860,17860
335,863,8378-LKJAF,0.4976303317535545,0,18860,False,18850,17850
336,241,8393-DLHGA,0.4976303317535545,1,18850,True,18940,17940
337,1388,8601-QACRS,0.4976303317535545,1,18940,True,19030,18030
338,1163,8621-MNIHH,0.4976303317535545,1,19030,True,19120,18120
339,1149,8757-TFHHJ,0.4976303317535545,0,19120,False,19110,18110
340,684,8778-LMWTJ,0.4976303317535545,0,19110,False,19100,18100
341,1182,8785-CJSHH,0.4976303317535545,0,19100,False,19090,18090
342,1151,9048-JVYVF,0.4976303317535545,1,19090,True,19180,18180
343,1155,9050-QLROH,0.4976303317535545,1,19180,True,19270,18270
344,565,9167-APMXZ,0.4976303317535545,0,19270,False,19260,18260
345,77,9283-LZQOH,0.4976303317535545,1,19260,True,19350,18350
346,96,9389-ACWBI,0.4976303317535545,0,19350,False,19340,18340
347,218,9465-RWMXL,0.4976303317535545,1,19340,True,19430,18430
348,270,9572-WUKSB,0.4976303317535545,0,19430,False,19420,18420
349,530,9779-DPNEJ,0.4976303317535545,0,19420,False,19410,18410
350,628,9866-QEVEE,0.4976303317535545,1,19410,True,19500,18500
351,1225,9927-DSWDF,0.4976303317535545,0,19500,False,19490,18490
352,670,9992-UJOEL,0.4976303317535545,0,19490,False,19480,18480
353,26,1894-IGFSG,0.4,1,19480,True,19570,18570
354,6,2227-JRSJX,0.4,0,19570,False,19560,18560
355,1160,6331-LWDTQ,0.38380811933613707,1,19560,True,19650,18650
356,477,0015-UOCOJ,0.3740648379052369,0,19650,False,19640,18640
357,217,0082-OQIQY,0.3740648379052369,0,19640,False,19630,18630
358,884,0096-BXERS,0.3740648379052369,0,19630,False,19620,18620
359,478,0256-LTHVJ,0.3740648379052369,1,19620,True,19710,18710
360,1368,0265-PSUAE,0.3740648379052369,0,19710,False,19700,18700
361,1322,0310-MVLET,0.3740648379052369,1,19700,True,19790,18790
362,1223,0376-YMCJC,0.3740648379052369,1,19790,True,19880,18880
363,766,0422-UXFAP,0.3740648379052369,0,19880,False,19870,18870
364,798,0430-IHCDJ,0.3740648379052369,0,19870,False,19860,18860
365,249,0531-ZZJWQ,0.3740648379052369,0,19860,False,19850,18850
366,1001,0581-MDMPW,0.3740648379052369,0,19850,False,19840,18840
367,801,0749-IRGQE,0.3740648379052369,0,19840,False,19830,18830
368,1378,0778-NELLA,0.3740648379052369,1,19830,True,19920,18920
369,1284,0823-HSCDJ,0.3740648379052369,1,19920,True,20010,19010
370,829,0963-ZBDRN,0.3740648379052369,1,20010,True,20100,19100
371,139,0979-PHULV,0.3740648379052369,1,20100,True,20190,19190
372,222,1100-DDVRV,0.3740648379052369,0,20190,False,20180,19180
373,864,1310-QRITU,0.3740648379052369,0,20180,False,20170,19170
374,117,1346-UFHAX,0.3740648379052369,0,20170,False,20160,19160
375,1307,1452-KIOVK,0.3740648379052369,0,20160,False,20150,19150
376,343,1541-ETJZO,0.3740648379052369,1,20150,True,20240,19240
377,1101,1587-FKLZB,0.3740648379052369,1,20240,True,20330,19330
378,1369,1622-HSHSF,0.3740648379052369,0,20330,False,20320,19320
379,1104,1816-FLZDK,0.3740648379052369,0,20320,False,20310,19310
380,856,1965-DDBWU,0.3740648379052369,1,20310,True,20400,19400
381,1347,2070-FNEXE,0.3740648379052369,1,20400,True,20490,19490
382,1395,2101-RANCD,0.3740648379052369,0,20490,False,20480,19480
383,945,2203-GHNWN,0.3740648379052369,0,20480,False,20470,19470
384,1084,2277-VWCNI,0.3740648379052369,0,20470,False,20460,19460
385,1135,2309-OSFEU,0.3740648379052369,1,20460,True,20550,19550
386,259,2452-KDRRH,0.3740648379052369,0,20550,False,20540,19540
387,999,2480-SQIOB,0.3740648379052369,0,20540,False,20530,19530
388,175,2501-XWWTZ,0.3740648379052369,0,20530,False,20520,19520
389,268,2587-EKXTS,0.3740648379052369,0,20520,False,20510,19510
390,174,2604-IJPDU,0.3740648379052369,0,20510,False,20500,19500
391,650,2606-RMDHZ,0.3740648379052369,1,20500,True,20590,19590
392,1246,2720-FVBQP,0.3740648379052369,0,20590,False,20580,19580
393,199,2911-WDXMV,0.3740648379052369,0,20580,False,20570,19570
394,1150,2955-BJZHG,0.3740648379052369,1,20570,True,20660,19660
395,407,2971-SGAFL,0.3740648379052369,0,20660,False,20650,19650
396,700,3312-ZWLGF,0.3740648379052369,0,20650,False,20640,19640
397,103,3331-HQDTW,0.3740648379052369,1,20640,True,20730,19730
398,1173,3540-RZJYU,0.3740648379052369,1,20730,True,20820,19820
399,237,3780-YVMFA,0.3740648379052369,0,20820,False,20810,19810
400,155,3787-TRIAL,0.3740648379052369,0,20810,False,20800,19800
401,729,3923-CSIHK,0.3740648379052369,1,20800,True,20890,19890
402,514,3932-CMDTD,0.3740648379052369,1,20890,True,20980,19980
403,36,4208-UFFGW,0.3740648379052369,1,20980,True,21070,20070
404,962,4248-QPAVC,0.3740648379052369,1,21070,True,21160,20160
405,658,4360-PNRQB,0.3740648379052369,0,21160,False,21150,20150
406,518,4570-QHXHL,0.3740648379052369,0,21150,False,21140,20140
407,422,4581-LNWUM,0.3740648379052369,0,21140,False,21130,20130
408,575,4667-OHGKG,0.3740648379052369,1,21130,True,21220,20220
409,9,4690-LLKUA,0.3740648379052369,1,21220,True,21310,20310
410,786,4760-THGOT,0.3740648379052369,0,21310,False,21300,20300
411,1254,4829-AUOAX,0.3740648379052369,1,21300,True,21390,20390
412,1220,4840-ORQXB,0.3740648379052369,0,21390,False,21380,20380
413,821,4947-DSMXK,0.3740648379052369,0,21380,False,21370,20370
414,490,5016-IBERQ,0.3740648379052369,0,21370,False,21360,20360
415,760,5226-NOZFC,0.3740648379052369,0,21360,False,21350,20350
416,844,5281-BUZGT,0.3740648379052369,1,21350,True,21440,20440
417,159,5373-SFODM,0.3740648379052369,1,21440,True,21530,20530
418,1085,5461-QKNTN,0.3740648379052369,0,21530,False,21520,20520
419,151,5606-AMZBO,0.3740648379052369,0,21520,False,21510,20510
420,773,5609-IMCGG,0.3740648379052369,0,21510,False,21500,20500
421,1349,5651-YLPRD,0.3740648379052369,0,21500,False,21490,20490
422,758,5828-AVIPD,0.3740648379052369,1,21490,True,21580,20580
423,569,6022-UGGSO,0.3740648379052369,1,21580,True,21670,20670
424,688,6128-AQBMT,0.3740648379052369,0,21670,False,21660,20660
425,1119,6173-GOLSU,0.3740648379052369,0,21660,False,21650,20650
426,632,6284-AHOOQ,0.3740648379052369,1,21650,True,21740,20740
427,928,6286-SUUWT,0.3740648379052369,0,21740,False,21730,20730
428,187,6304-IJFSQ,0.3740648379052369,1,21730,True,21820,20820
429,260,6402-EJMWF,0.3740648379052369,0,21820,False,21810,20810
430,806,6481-ESCNL,0.3740648379052369,0,21810,False,21800,20800
431,866,6542-LWGXJ,0.3740648379052369,0,21800,False,21790,20790
432,1374,6543-CPZMK,0.3740648379052369,1,21790,True,21880,20880
433,290,6654-QGBZZ,0.3740648379052369,0,21880,False,21870,20870
434,85,6710-HSJRD,0.3740648379052369,0,21870,False,21860,20860
435,318,6770-XUAGN,0.3740648379052369,1,21860,True,21950,20950
436,997,6834-NXDCA,0.3740648379052369,1,21950,True,22040,21040
437,896,6845-RGTYS,0.3740648379052369,1,22040,True,22130,21130
438,1299,7129-ACFOG,0.3740648379052369,0,22130,False,22120,21120
439,377,7277-OZCGZ,0.3740648379052369,0,22120,False,22110,21110
440,852,7404-JLKQG,0.3740648379052369,0,22110,False,22100,21100
441,552,7460-ITWWP,0.3740648379052369,0,22100,False,22090,21090
442,419,7470-MCQTK,0.3740648379052369,1,22090,True,22180,21180
443,1139,7503-QQRVF,0.3740648379052369,1,22180,True,22270,21270
444,834,7529-ZDFXI,0.3740648379052369,0,22270,False,22260,21260
445,508,7579-OOPEC,0.3740648379052369,1,22260,True,22350,21350
446,776,7623-TRNQN,0.3740648379052369,1,22350,True,22440,21440
447,1232,7853-WNZSY,0.3740648379052369,0,22440,False,22430,21430
448,938,7855-DIWPO,0.3740648379052369,0,22430,False,22420,21420
449,30,8058-DMYRU,0.3740648379052369,0,22420,False,22410,21410
450,413,8714-EUHJO,0.3740648379052369,1,22410,True,22500,21500
451,416,8749-CLJXC,0.3740648379052369,0,22500,False,22490,21490
452,272,8805-JNRAZ,0.3740648379052369,0,22490,False,22480,21480
453,232,8849-AYPTR,0.3740648379052369,0,22480,False,22470,21470
454,1314,8914-RBTSB,0.3740648379052369,1,22470,True,22560,21560
455,1010,9278-VZKCD,0.3740648379052369,0,22560,False,22550,21550
456,714,9286-DOJGF,0.3740648379052369,1,22550,True,22640,21640
457,525,9369-XFEHK,0.3740648379052369,1,22640,True,22730,21730
458,936,9450-TRJUU,0.3740648379052369,0,22730,False,22720,21720
459,320,9508-ILZDG,0.3740648379052369,0,22720,False,22710,21710
460,1157,9512-UIBFX,0.3740648379052369,1,22710,True,22800,21800
461,54,9537-VHDTA,0.3740648379052369,0,22800,False,22790,21790
462,967,9576-SYUHJ,0.3740648379052369,0,22790,False,22780,21780
463,208,9629-NHXFW,0.3740648379052369,0,22780,False,22770,21770
464,386,9661-MHUMO,0.3740648379052369,1,22770,True,22860,21860
465,423,9710-ZUSHQ,0.3740648379052369,1,22860,True,22950,21950
466,1078,9732-KPKBW,0.3740648379052369,1,22950,True,23040,22040
467,989,9822-WMWVG,0.3740648379052369,0,23040,False,23030,22030
468,741,9842-EFSYY,0.3740648379052369,0,23030,False,23020,22020
469,888,9944-AEXBM,0.3740648379052369,0,23020,False,23010,22010
470,381,9962-BFPDU,0.3740648379052369,0,23010,False,23000,22000
471,725,9979-RGMZT,0.3740648379052369,0,23000,False,22990,21990
472,195,0410-IPFTY,0.3431372549019608,0,22990,False,22980,21980
473,147,0486-HECZI,0.3431372549019608,1,22980,True,23070,22070
474,170,0599-XNYDO,0.3431372549019608,0,23070,False,23060,22060
475,296,0730-KOAVE,0.3431372549019608,0,23060,False,23050,22050
476,215,1261-FWTTE,0.3431372549019608,0,23050,False,23040,22040
477,1391,1357-BIJKI,0.3431372549019608,0,23040,False,23030,22030
478,1107,1436-ZMJAN,0.3431372549019608,0,23030,False,23020,22020
479,254,1809-DMJHQ,0.3431372549019608,1,23020,True,23110,22110
480,148,2178-PMGCJ,0.3431372549019608,0,23110,False,23100,22100
481,576,2386-OWURY,0.3431372549019608,0,23100,False,23090,22090
482,196,2478-EEWWM,0.3431372549019608,0,23090,False,23080,22080
483,756,2692-PFYTJ,0.3431372549019608,0,23080,False,23070,22070
484,467,2782-LFZVW,0.3431372549019608,0,23070,False,23060,22060
485,996,2955-PSXOE,0.3431372549019608,1,23060,True,23150,22150
486,956,2960-NKRSO,0.3431372549019608,0,23150,False,23140,22140
487,1382,2988-PLAHS,0.3431372549019608,0,23140,False,23130,22130
488,385,3173-NVMPX,0.3431372549019608,0,23130,False,23120,22120
489,1309,3207-OYBWH,0.3431372549019608,1,23120,True,23210,22210
490,865,3237-AJGEH,0.3431372549019608,1,23210,True,23300,22300
491,763,3466-RITXD,0.3431372549019608,0,23300,False,23290,22290
492,870,3466-WAESX,0.3431372549019608,0,23290,False,23280,22280
493,1125,3567-PQTSO,0.3431372549019608,0,23280,False,23270,22270
494,1192,3569-EDBPQ,0.3431372549019608,0,23270,False,23260,22260
495,527,3679-XASPY,0.3431372549019608,0,23260,False,23250,22250
496,855,3930-ZGWVE,0.3431372549019608,0,23250,False,23240,22240
497,149,4660-IRIBM,0.3431372549019608,0,23240,False,23230,22230
498,501,4724-WXVWF,0.3431372549019608,0,23230,False,23220,22220
499,1019,4892-VLANZ,0.3431372549019608,1,23220,True,23310,22310
500,809,4937-QPZPO,0.3431372549019608,0,23310,False,23300,22300
501,1291,4983-CLMLV,0.3431372549019608,0,23300,False,23290,22290
502,1277,5301-GAUUY,0.3431372549019608,1,23290,True,23380,22380
503,126,5419-KLXBN,0.3431372549019608,1,23380,True,23470,22470
504,173,5766-ZJYBB,0.3431372549019608,1,23470,True,23560,22560
505,10,5804-HYIEZ,0.3431372549019608,0,23560,False,23550,22550
506,91,6234-PFPXL,0.3431372549019608,0,23550,False,23540,22540
507,689,6257-RJOHI,0.3431372549019608,0,23540,False,23530,22530
508,562,6646-QVXLR,0.3431372549019608,1,23530,True,23620,22620
509,887,6704-UTUKK,0.3431372549019608,0,23620,False,23610,22610
510,1331,6711-VTNRE,0.3431372549019608,1,23610,True,23700,22700
511,1243,6729-GDNGC,0.3431372549019608,0,23700,False,23690,22690
512,456,6769-DYBQN,0.3431372549019608,1,23690,True,23780,22780
513,1294,7055-HNEOJ,0.3431372549019608,0,23780,False,23770,22770
514,619,7239-HZZCX,0.3431372549019608,1,23770,True,23860,22860
515,373,7733-UDMTP,0.3431372549019608,0,23860,False,23850,22850
516,1255,7876-BEUTG,0.3431372549019608,0,23850,False,23840,22840
517,686,8033-VCZGH,0.3431372549019608,0,23840,False,23830,22830
518,598,8988-ECPJR,0.3431372549019608,1,23830,True,23920,22920
519,236,9079-YEXQJ,0.3431372549019608,1,23920,True,24010,23010
520,591,9112-WSNPU,0.3431372549019608,0,24010,False,24000,23000
521,131,9381-NDKME,0.3431372549019608,1,24000,True,24090,23090
522,645,9812-GHVRI,0.3431372549019608,0,24090,False,24080,23080
523,666,9819-FBNSV,0.3431372549019608,0,24080,False,24070,23070
524,64,2108-YKQTY,0.3333333333333333,1,24070,True,24160,23160
525,892,8158-WPEZG,0.3333333333333333,0,24160,False,24150,23150
526,1251,0013-MHZWF,0.3068181818181818,0,24150,False,24140,23140
527,532,0327-WFZSY,0.3068181818181818,0,24140,False,24130,23130
528,301,0363-QJVFX,0.3068181818181818,1,24130,True,24220,23220
529,3,0365-GXEZS,0.3068181818181818,0,24220,False,24210,23210
530,1359,0471-ARVMX,0.3068181818181818,0,24210,False,24200,23200
531,476,1074-AMIOH,0.3068181818181818,0,24200,False,24190,23190
532,257,1169-WCVAK,0.3068181818181818,0,24190,False,24180,23180
533,1033,1194-SPVSP,0.3068181818181818,0,24180,False,24170,23170
534,384,1205-WNWPJ,0.3068181818181818,1,24170,True,24260,23260
535,410,1493-AMTIE,0.3068181818181818,1,24260,True,24350,23350
536,1365,1559-DTODC,0.3068181818181818,0,24350,False,24340,23340
537,765,1956-YIFGE,0.3068181818181818,0,24340,False,24330,23330
538,130,1963-VAUKV,0.3068181818181818,1,24330,True,24420,23420
539,1049,2391-SOORI,0.3068181818181818,1,24420,True,24510,23510
540,363,2522-AHJXR,0.3068181818181818,0,24510,False,24500,23500
541,330,2668-TZSPS,0.3068181818181818,0,24500,False,24490,23490
542,978,2770-NSVDG,0.3068181818181818,0,24490,False,24480,23480
543,1005,3018-TFTSU,0.3068181818181818,1,24480,True,24570,23570
544,1235,3094-JOJAI,0.3068181818181818,0,24570,False,24560,23560
545,1097,3976-NLDEZ,0.3068181818181818,0,24560,False,24550,23550
546,540,3982-XWFZQ,0.3068181818181818,1,24550,True,24640,23640
547,425,4013-GUXND,0.3068181818181818,0,24640,False,24630,23630
548,42,4067-HLYQI,0.3068181818181818,0,24630,False,24620,23620
549,1024,4211-MMAZN,0.3068181818181818,1,24620,True,24710,23710
550,47,4226-KKDON,0.3068181818181818,0,24710,False,24700,23700
551,53,4256-ZWTZI,0.3068181818181818,0,24700,False,24690,23690
552,483,4323-SADQS,0.3068181818181818,1,24690,True,24780,23780
553,668,4468-YDOVK,0.3068181818181818,0,24780,False,24770,23770
554,178,4526-ZJJTM,0.3068181818181818,0,24770,False,24760,23760
555,1000,4993-JCRGJ,0.3068181818181818,0,24760,False,24750,23750
556,153,5402-HTOTQ,0.3068181818181818,0,24750,False,24740,23740
557,651,5575-TPIZQ,0.3068181818181818,0,24740,False,24730,23730
558,1280,5600-PDUJF,0.3068181818181818,0,24730,False,24720,23720
559,497,6227-HWPWX,0.3068181818181818,1,24720,True,24810,23810
560,613,7067-KSAZT,0.3068181818181818,1,24810,True,24900,23900
561,445,7251-LJBQN,0.3068181818181818,0,24900,False,24890,23890
562,1140,7504-UWHNB,0.3068181818181818,0,24890,False,24880,23880
563,1181,7893-IXHRQ,0.3068181818181818,1,24880,True,24970,23970
564,561,8450-JOVAH,0.3068181818181818,1,24970,True,25060,24060
565,401,8620-RJPZN,0.3068181818181818,0,25060,False,25050,24050
566,372,8728-SKJLR,0.3068181818181818,0,25050,False,25040,24040
567,742,9122-UMROB,0.3068181818181818,0,25040,False,25030,24030
568,324,9767-FFLEM,0.3068181818181818,0,25030,False,25020,24020
569,21,0668-OGMHD,0.24064171122994651,0,25020,False,25010,24010
570,183,0742-MOABM,0.24064171122994651,1,25010,True,25100,24100
571,1304,0913-XWSCN,0.24064171122994651,0,25100,False,25090,24090
572,1169,0959-WHOKV,0.24064171122994651,0,25090,False,25080,24080
573,1397,1015-OWJKI,0.24064171122994651,0,25080,False,25070,24070
574,258,1217-VASWC,0.24064171122994651,0,25070,False,25060,24060
575,646,1370-GGAWX,0.24064171122994651,0,25060,False,25050,24050
576,536,1465-LNTLJ,0.24064171122994651,0,25050,False,25040,24040
577,1137,1550-LOAHA,0.24064171122994651,1,25040,True,25130,24130
578,1012,1575-KRZZE,0.24064171122994651,0,25130,False,25120,24120
579,878,1848-LBZHY,0.24064171122994651,0,25120,False,25110,24110
580,831,2139-FQHLM,0.24064171122994651,0,25110,False,25100,24100
581,1364,2190-BCXEC,0.24064171122994651,0,25100,False,25090,24090
582,489,2279-AXJJK,0.24064171122994651,0,25090,False,25080,24080
583,1354,2669-QVCRG,0.24064171122994651,0,25080,False,25070,24070
584,1357,2700-LUEVA,0.24064171122994651,0,25070,False,25060,24060
585,842,2924-KHUVI,0.24064171122994651,0,25060,False,25050,24050
586,1065,3090-QFUVD,0.24064171122994651,0,25050,False,25040,24040
587,929,3594-KADLU,0.24064171122994651,0,25040,False,25030,24030
588,1201,3756-VNWDH,0.24064171122994651,0,25030,False,25020,24020
589,197,4619-EVPHY,0.24064171122994651,0,25020,False,25010,24010
590,731,4640-UHDOS,0.24064171122994651,1,25010,True,25100,24100
591,459,4905-JEFDW,0.24064171122994651,1,25100,True,25190,24190
592,185,5136-GFPMB,0.24064171122994651,0,25190,False,25180,24180
593,699,5213-TWWJU,0.24064171122994651,0,25180,False,25170,24170
594,1313,5438-QMDDL,0.24064171122994651,0,25170,False,25160,24160
595,1275,5934-TSSAU,0.24064171122994651,0,25160,False,25150,24150
596,927,6284-KMNUF,0.24064171122994651,0,25150,False,25140,24140
597,462,6559-RAKOZ,0.24064171122994651,0,25140,False,25130,24130
598,1318,6664-FPDAC,0.24064171122994651,1,25130,True,25220,24220
599,935,6815-ABQFQ,0.24064171122994651,0,25220,False,25210,24210
600,49,6825-UYPFK,0.24064171122994651,1,25210,True,25300,24300
601,858,6854-EXGSF,0.24064171122994651,0,25300,False,25290,24290
602,753,7398-LXGYX,0.24064171122994651,0,25290,False,25280,24280
603,402,7426-WEIJX,0.24064171122994651,0,25280,False,25270,24270
604,873,7669-LCRSD,0.24064171122994651,0,25270,False,25260,24260
605,799,7957-RYHQD,0.24064171122994651,1,25260,True,25350,24350
606,1231,8455-HIRAQ,0.24064171122994651,0,25350,False,25340,24340
607,135,8495-PRWFH,0.24064171122994651,0,25340,False,25330,24330
608,607,8840-DQLGN,0.24064171122994651,1,25330,True,25420,24420
609,1091,8992-CEUEN,0.24064171122994651,0,25420,False,25410,24410
610,528,9089-UOWJG,0.24064171122994651,0,25410,False,25400,24400
611,1018,9327-QSDED,0.24064171122994651,0,25400,False,25390,24390
612,981,9374-YOLBJ,0.24064171122994651,0,25390,False,25380,24380
613,1071,9481-SFCQY,0.24064171122994651,0,25380,False,25370,24370
614,35,9544-PYPSJ,0.24064171122994651,0,25370,False,25360,24360
615,871,9700-ISPUP,0.24064171122994651,0,25360,False,25350,24350
616,592,1360-JYXKQ,0.2285250339512616,0,25350,False,25340,24340
617,539,2778-OCLGR,0.22580645161290322,1,25340,True,25430,24430
618,104,4695-VADHF,0.22580645161290322,1,25430,True,25520,24520
619,972,5186-EJEGL,0.22580645161290322,0,25520,False,25510,24510
620,933,6429-SHBCB,0.22580645161290322,0,25510,False,25500,24500
621,1032,6473-ULUHT,0.22580645161290322,0,25500,False,25490,24490
622,1384,6483-OATDN,0.22580645161290322,0,25490,False,25480,24480
623,1371,6773-LQTVT,0.22580645161290322,0,25480,False,25470,24470
624,212,6946-LMSQS,0.22580645161290322,1,25470,True,25560,24560
625,506,7251-XFOIL,0.22580645161290322,0,25560,False,25550,24550
626,1132,0058-EVZWM,0.20098039215686275,0,25550,False,25540,24540
627,127,0365-TRTPY,0.20098039215686275,0,25540,False,25530,24530
628,374,0431-APWVY,0.20098039215686275,1,25530,True,25620,24620
629,179,0440-QEXBZ,0.20098039215686275,0,25620,False,25610,24610
630,877,0701-TJSEF,0.20098039215686275,0,25610,False,25600,24600
631,874,0870-VEMYL,0.20098039215686275,1,25600,True,25690,24690
632,444,1087-UDSIH,0.20098039215686275,1,25690,True,25780,24780
633,1147,1110-KYLGQ,0.20098039215686275,0,25780,False,25770,24770
634,295,1174-FGIFN,0.20098039215686275,0,25770,False,25760,24760
635,1202,1395-OFUWC,0.20098039215686275,0,25760,False,25750,24750
636,496,1470-PSXNM,0.20098039215686275,0,25750,False,25740,24740
637,433,2019-HDCZY,0.20098039215686275,0,25740,False,25730,24730
638,716,2087-QAREY,0.20098039215686275,0,25730,False,25720,24720
639,355,2195-VVRJF,0.20098039215686275,0,25720,False,25710,24710
640,431,2252-JHJGE,0.20098039215686275,0,25710,False,25700,24700
641,917,2257-BOVXD,0.20098039215686275,0,25700,False,25690,24690
642,1035,2293-IJWPS,0.20098039215686275,0,25690,False,25680,24680
643,291,2294-DMMUS,0.20098039215686275,0,25680,False,25670,24670
644,787,2307-FYNNL,0.20098039215686275,0,25670,False,25660,24660
645,1023,2432-TFSMK,0.20098039215686275,0,25660,False,25650,24650
646,730,2446-ZKVAF,0.20098039215686275,0,25650,False,25640,24640
647,1038,2480-EJWYP,0.20098039215686275,0,25640,False,25630,24630
648,461,2659-VXMWZ,0.20098039215686275,1,25630,True,25720,24720
649,977,2750-BJLSB,0.20098039215686275,0,25720,False,25710,24710
650,1072,2828-SLQPF,0.20098039215686275,0,25710,False,25700,24700
651,1279,2843-CQMEG,0.20098039215686275,0,25700,False,25690,24690
652,875,2995-UPRYS,0.20098039215686275,1,25690,True,25780,24780
653,273,3069-SSVSN,0.20098039215686275,0,25780,False,25770,24770
654,876,3179-GBRWV,0.20098039215686275,0,25770,False,25760,24760
655,695,3313-QKNKB,0.20098039215686275,1,25760,True,25850,24850
656,1045,3325-FUYCG,0.20098039215686275,1,25850,True,25940,24940
657,946,3413-CSSTH,0.20098039215686275,0,25940,False,25930,24930
658,810,3604-WLABM,0.20098039215686275,0,25930,False,25920,24920
659,200,3639-XJHKQ,0.20098039215686275,0,25920,False,25910,24910
660,577,3780-DDGSE,0.20098039215686275,0,25910,False,25900,24900
661,443,3858-XHYJO,0.20098039215686275,0,25900,False,25890,24890
662,535,3865-ZYKAD,0.20098039215686275,0,25890,False,25880,24880
663,635,3893-JRNFS,0.20098039215686275,0,25880,False,25870,24870
664,305,4003-FUSHP,0.20098039215686275,0,25870,False,25860,24860
665,1179,4016-BJKTZ,0.20098039215686275,0,25860,False,25850,24850
666,706,4184-VODJZ,0.20098039215686275,0,25850,False,25840,24840
667,677,4190-MFLUW,0.20098039215686275,1,25840,True,25930,24930
668,190,4402-FTBXC,0.20098039215686275,0,25930,False,25920,24920
669,517,4524-QCSSM,0.20098039215686275,0,25920,False,25910,24910
670,439,4672-FOTSD,0.20098039215686275,0,25910,False,25900,24900
671,18,4753-PADAS,0.20098039215686275,0,25900,False,25890,24890
672,394,4819-HJPIW,0.20098039215686275,0,25890,False,25880,24880
673,1113,5136-RGMZO,0.20098039215686275,0,25880,False,25870,24870
674,893,5198-EFNBM,0.20098039215686275,0,25870,False,25860,24860
675,1207,5440-VHLUL,0.20098039215686275,0,25860,False,25850,24850
676,1385,5469-CTCWN,0.20098039215686275,1,25850,True,25940,24940
677,66,5482-NUPNA,0.20098039215686275,1,25940,True,26030,25030
678,12,5533-RJFTJ,0.20098039215686275,0,26030,False,26020,25020
679,1363,5630-AHZIL,0.20098039215686275,0,26020,False,26010,25010
680,744,5949-EBSQK,0.20098039215686275,1,26010,True,26100,25100
681,590,5949-HGVJL,0.20098039215686275,0,26100,False,26090,25090
682,1332,5966-EMAZU,0.20098039215686275,0,26090,False,26080,25080
683,43,6184-DYUOB,0.20098039215686275,0,26080,False,26070,25070
684,890,6270-OMFIW,0.20098039215686275,1,26070,True,26160,25160
685,106,6297-NOOPG,0.20098039215686275,0,26160,False,26150,25150
686,1212,6366-XIVKZ,0.20098039215686275,0,26150,False,26140,25140
687,63,6497-TILVL,0.20098039215686275,0,26140,False,26130,25130
688,982,6583-SZVGP,0.20098039215686275,0,26130,False,26120,25120
689,415,6713-OKOMC,0.20098039215686275,0,26120,False,26110,25110
690,909,6733-LRIZX,0.20098039215686275,0,26110,False,26100,25100
691,717,6777-TGHTM,0.20098039215686275,1,26100,True,26190,25190
692,521,6874-SGLHU,0.20098039215686275,0,26190,False,26180,25180
693,615,6890-PFRQX,0.20098039215686275,0,26180,False,26170,25170
694,366,6898-MDLZW,0.20098039215686275,0,26170,False,26160,25160
695,353,7054-ENNGU,0.20098039215686275,0,26160,False,26150,25150
696,1205,7124-UGSUR,0.20098039215686275,1,26150,True,26240,25240
697,25,7130-CTCUS,0.20098039215686275,0,26240,False,26230,25230
698,1295,7134-MJPDY,0.20098039215686275,0,26230,False,26220,25220
699,1206,7395-XWZOY,0.20098039215686275,0,26220,False,26210,25210
700,67,7410-KTVFV,0.20098039215686275,1,26210,True,26300,25300
701,857,7572-KPVKK,0.20098039215686275,0,26300,False,26290,25290
702,1063,8190-ZTQFB,0.20098039215686275,0,26290,False,26280,25280
703,492,8433-WPJTV,0.20098039215686275,0,26280,False,26270,25270
704,988,8623-ULFNQ,0.20098039215686275,0,26270,False,26260,25260
705,903,8671-KKKOS,0.20098039215686275,0,26260,False,26250,25250
706,737,8930-XOTDP,0.20098039215686275,0,26250,False,26240,25240
707,471,9013-AQORL,0.20098039215686275,0,26240,False,26230,25230
708,286,9103-TCIHJ,0.20098039215686275,1,26230,True,26320,25320
709,704,9107-UKCKY,0.20098039215686275,0,26320,False,26310,25310
710,405,9163-GHAYE,0.20098039215686275,0,26310,False,26300,25300
711,82,9254-RBFON,0.20098039215686275,1,26300,True,26390,25390
712,24,9701-CDXHR,0.20098039215686275,0,26390,False,26380,25380
713,522,9844-FELAJ,0.20098039215686275,0,26380,False,26370,25370
714,1362,0447-BEMNG,0.13333333333333333,1,26370,True,26460,25460
715,807,0463-WZZKO,0.13333333333333333,0,26460,False,26450,25450
716,1075,0516-OOHAR,0.13333333333333333,0,26450,False,26440,25440
717,1361,0719-SYFRB,0.13333333333333333,1,26440,True,26530,25530
718,811,1360-XFJMR,0.13333333333333333,0,26530,False,26520,25520
719,1317,1492-QGCLU,0.13333333333333333,0,26520,False,26510,25510
720,789,1629-DQQVB,0.13333333333333333,0,26510,False,26500,25500
721,421,1707-HABPF,0.13333333333333333,0,26500,False,26490,25490
722,308,1855-CFULU,0.13333333333333333,0,26490,False,26480,25480
723,669,2001-EWBQU,0.13333333333333333,0,26480,False,26470,25470
724,820,2001-MCUUW,0.13333333333333333,0,26470,False,26460,25460
725,910,2165-VOEGB,0.13333333333333333,1,26460,True,26550,25550
726,899,2250-IVBWA,0.13333333333333333,0,26550,False,26540,25540
727,78,3594-IVHJZ,0.13333333333333333,0,26540,False,26530,25530
728,207,3694-GLTJM,0.13333333333333333,0,26530,False,26520,25520
729,132,3729-OWRVL,0.13333333333333333,0,26520,False,26510,25510
730,1266,3948-FVVRP,0.13333333333333333,0,26510,False,26500,25500
731,971,4396-KLSEH,0.13333333333333333,0,26500,False,26490,25490
732,316,4419-UJMUS,0.13333333333333333,0,26490,False,26480,25480
733,1193,4945-RVMTE,0.13333333333333333,0,26480,False,26470,25470
734,1351,5014-WUQMG,0.13333333333333333,0,26470,False,26460,25460
735,683,5140-FOMCQ,0.13333333333333333,0,26460,False,26450,25450
736,1263,5921-NGYRH,0.13333333333333333,0,26450,False,26440,25440
737,348,5951-AOFIH,0.13333333333333333,0,26440,False,26430,25430
738,1312,6383-ZTSIW,0.13333333333333333,0,26430,False,26420,25420
739,1042,7036-TYDEC,0.13333333333333333,0,26420,False,26410,25410
740,205,7159-NOKYQ,0.13333333333333333,0,26410,False,26400,25400
741,1264,7803-XOCCZ,0.13333333333333333,0,26400,False,26390,25390
742,1247,7854-EKTJL,0.13333333333333333,1,26390,True,26480,25480
743,916,7879-CGSFV,0.13333333333333333,0,26480,False,26470,25470
744,1326,8713-IGZSO,0.13333333333333333,0,26470,False,26460,25460
745,112,9097-ZUBYC,0.13333333333333333,0,26460,False,26450,25450
746,342,9115-YQHGA,0.13333333333333333,0,26450,False,26440,25440
747,331,9139-WQQDY,0.13333333333333333,1,26440,True,26530,25530
748,975,9633-DENPU,0.13333333333333333,0,26530,False,26520,25520
749,470,9820-RMCQV,0.13333333333333333,1,26520,True,26610,25610
750,1311,9909-DFRJA,0.13333333333333333,0,26610,False,26600,25600
751,452,9972-VAFJJ,0.13333333333333333,0,26600,False,26590,25590
752,62,0048-LUMLS,0.1323529411764706,0,26590,False,26580,25580
753,52,0178-CIIKR,0.1323529411764706,0,26580,False,26570,25570
754,512,0516-UXRMT,0.1323529411764706,0,26570,False,26560,25560
755,908,0733-VUNUW,0.1323529411764706,1,26560,True,26650,25650
756,611,0816-TSPHQ,0.1323529411764706,0,26650,False,26640,25640
757,14,0997-YTLNY,0.1323529411764706,0,26640,False,26630,25630
758,639,1051-GEJLJ,0.1323529411764706,0,26630,False,26620,25620
759,225,1131-SUEKT,0.1323529411764706,0,26620,False,26610,25610
760,587,1346-PJWTK,0.1323529411764706,0,26610,False,26600,25600
761,227,1385-TQOZW,0.1323529411764706,0,26600,False,26590,25590
762,553,1530-ZTDOZ,0.1323529411764706,0,26590,False,26580,25580
763,891,1852-XEMDW,0.1323529411764706,0,26580,False,26570,25570
764,265,2091-MJTFX,0.1323529411764706,1,26570,True,26660,25660
765,1305,2159-TURXX,0.1323529411764706,0,26660,False,26650,25650
766,204,2308-STERM,0.1323529411764706,0,26650,False,26640,25640
767,210,2748-MYRVK,0.1323529411764706,1,26640,True,26730,25730
768,1293,2758-RNWXS,0.1323529411764706,0,26730,False,26720,25720
769,165,2839-RFSQE,0.1323529411764706,1,26720,True,26810,25810
770,519,2972-YDYUW,0.1323529411764706,0,26810,False,26800,25800
771,992,3523-QRQLL,0.1323529411764706,1,26800,True,26890,25890
772,1406,3675-EQOZA,0.1323529411764706,0,26890,False,26880,25880
773,526,3680-CTHUH,0.1323529411764706,0,26880,False,26870,25870
774,1337,3794-NFNCH,0.1323529411764706,0,26870,False,26860,25860
775,1242,3896-RCYYE,0.1323529411764706,0,26860,False,26850,25850
776,1028,4075-JFPGR,0.1323529411764706,0,26850,False,26840,25840
777,161,4079-VTGLK,0.1323529411764706,0,26840,False,26830,25830
778,745,4160-AMJTL,0.1323529411764706,1,26830,True,26920,25920
779,657,4237-CLSMM,0.1323529411764706,0,26920,False,26910,25910
780,1372,4332-MUOEZ,0.1323529411764706,0,26910,False,26900,25900
781,1036,4377-VDHYI,0.1323529411764706,0,26900,False,26890,25890
782,638,4489-SNOJF,0.1323529411764706,1,26890,True,26980,25980
783,453,4693-VWVBO,0.1323529411764706,0,26980,False,26970,25970
784,350,4700-UBQMV,0.1323529411764706,0,26970,False,26960,25960
785,679,4701-AHWMW,0.1323529411764706,1,26960,True,27050,26050
786,39,4701-MLJPN,0.1323529411764706,1,27050,True,27140,26140
787,560,5027-YOCXN,0.1323529411764706,0,27140,False,27130,26130
788,614,5155-AZQPB,0.1323529411764706,0,27130,False,27120,26120
789,1115,5240-CAOYT,0.1323529411764706,0,27120,False,27110,26110
790,803,5473-KHBPS,0.1323529411764706,0,27110,False,27100,26100
791,230,5514-YQENT,0.1323529411764706,0,27100,False,27090,26090
792,440,6198-PNNSZ,0.1323529411764706,0,27090,False,27080,26080
793,606,6682-QJDGB,0.1323529411764706,1,27080,True,27170,26170
794,625,6776-TLWOI,0.1323529411764706,1,27170,True,27260,26260
795,1316,6900-RBKER,0.1323529411764706,0,27260,False,27250,26250
796,238,6968-MHOMU,0.1323529411764706,0,27250,False,27240,26240
797,673,6993-YCOBK,0.1323529411764706,0,27240,False,27230,26230
798,99,7017-VFULY,0.1323529411764706,0,27230,False,27220,26220
799,403,7629-WIXZF,0.1323529411764706,0,27220,False,27210,26210
800,1014,7764-BDPEE,0.1323529411764706,0,27210,False,27200,26200
801,1002,7789-CRUVC,0.1323529411764706,0,27200,False,27190,26190
802,1381,7919-ZODZZ,0.1323529411764706,0,27190,False,27180,26180
803,1209,8166-ORCHU,0.1323529411764706,0,27180,False,27170,26170
804,172,8401-EMUWF,0.1323529411764706,0,27170,False,27160,26160
805,434,8582-KRHPJ,0.1323529411764706,0,27160,False,27150,26150
806,543,8741-LQOBK,0.1323529411764706,0,27150,False,27140,26140
807,167,8849-GYOKR,0.1323529411764706,1,27140,True,27230,26230
808,1360,8985-OOPOS,0.1323529411764706,0,27230,False,27220,26220
809,68,9033-EOXWV,0.1323529411764706,1,27220,True,27310,26310
810,660,9308-ANMVE,0.1323529411764706,0,27310,False,27300,26300
811,652,9378-FXTIZ,0.1323529411764706,1,27300,True,27390,26390
812,309,9788-YTFGE,0.1323529411764706,0,27390,False,27380,26380
813,918,9822-BIIGN,0.1323529411764706,0,27380,False,27370,26370
814,1276,9986-BONCE,0.1323529411764706,1,27370,True,27460,26460
815,1080,0257-KXZGU,0.13043478260869565,0,27460,False,27450,26450
816,665,0440-UEDAI,0.13043478260869565,0,27450,False,27440,26440
817,1283,2155-AMQRX,0.13043478260869565,0,27440,False,27430,26430
818,672,3077-RSNTJ,0.13043478260869565,0,27430,False,27420,26420
819,380,3096-WPXBT,0.13043478260869565,0,27420,False,27410,26410
820,511,5445-PZWGX,0.13043478260869565,1,27410,True,27500,26500
821,600,5850-BDWCY,0.13043478260869565,0,27500,False,27490,26490
822,1234,6421-SZVEM,0.13043478260869565,0,27490,False,27480,26480
823,524,9039-RBEEE,0.13043478260869565,1,27480,True,27570,26570
824,220,9128-CPXKI,0.13043478260869565,0,27570,False,27560,26560
825,886,9405-GPBBG,0.13043478260869565,0,27560,False,27550,26550
826,1141,9565-JSNFM,0.13043478260869565,1,27550,True,27640,26640
827,438,0289-IVARM,0.13008130081300814,0,27640,False,27630,26630
828,777,0377-JBKKT,0.13008130081300814,0,27630,False,27620,26620
829,362,0743-HRVFF,0.13008130081300814,0,27620,False,27610,26610
830,697,1784-BXEFA,0.13008130081300814,0,27610,False,27600,26600
831,1070,2212-LYASK,0.13008130081300814,0,27600,False,27590,26590
832,145,2323-ARSVR,0.13008130081300814,0,27590,False,27580,26580
833,757,2533-QVMSK,0.13008130081300814,1,27580,True,27670,26670
834,263,3011-WQKSZ,0.13008130081300814,0,27670,False,27660,26660
835,1047,3571-DPYUH,0.13008130081300814,0,27660,False,27650,26650
836,1161,3847-BAERP,0.13008130081300814,0,27650,False,27640,26640
837,558,4002-BQWPQ,0.13008130081300814,0,27640,False,27630,26630
838,902,4353-HYOJD,0.13008130081300814,0,27630,False,27620,26620
839,108,4378-MYPGO,0.13008130081300814,0,27620,False,27610,26610
840,541,4759-PXTAN,0.13008130081300814,0,27610,False,27600,26600
841,378,5236-PERKL,0.13008130081300814,1,27600,True,27690,26690
842,1100,5271-YNWVR,0.13008130081300814,1,27690,True,27780,26780
843,474,5446-DKWYW,0.13008130081300814,0,27780,False,27770,26770
844,1315,6164-HXUGH,0.13008130081300814,0,27770,False,27760,26760
845,608,6258-NGCNG,0.13008130081300814,0,27760,False,27750,26750
846,164,6568-POCUI,0.13008130081300814,0,27750,False,27740,26740
847,1095,6734-FQAJX,0.13008130081300814,0,27740,False,27730,26730
848,656,7641-TQFHN,0.13008130081300814,0,27730,False,27720,26720
849,534,7666-WKRON,0.13008130081300814,1,27720,True,27810,26810
850,242,7691-XVTZH,0.13008130081300814,0,27810,False,27800,26800
851,352,7750-EYXWZ,0.13008130081300814,0,27800,False,27790,26790
852,860,8053-WWDRO,0.13008130081300814,1,27790,True,27880,26880
853,1039,8970-ANWXO,0.13008130081300814,0,27880,False,27870,26870
854,89,9330-VOFSZ,0.13008130081300814,0,27870,False,27860,26860
855,959,9364-YKUVW,0.13008130081300814,0,27860,False,27850,26850
856,1015,9480-BQJEI,0.13008130081300814,0,27850,False,27840,26840
857,141,9586-JGQKH,0.13008130081300814,0,27840,False,27830,26830
858,1108,0106-UGRDO,0.11057692307692307,0,27830,False,27820,26820
859,188,0297-RBCSG,0.11057692307692307,0,27820,False,27810,26810
860,221,0484-FFVBJ,0.11057692307692307,0,27810,False,27800,26800
861,942,0661-KBKPA,0.11057692307692307,0,27800,False,27790,26790
862,152,0665-XHDJU,0.11057692307692307,0,27790,False,27780,26780
863,1278,0725-CXOTM,0.11057692307692307,0,27780,False,27770,26770
864,513,0727-BNRLG,0.11057692307692307,0,27770,False,27760,26760
865,160,0868-VJRDR,0.11057692307692307,0,27760,False,27750,26750
866,133,0895-LMRSF,0.11057692307692307,0,27750,False,27740,26740
867,1376,1036-GUDCL,0.11057692307692307,0,27740,False,27730,26730
868,825,1097-FSPVW,0.11057692307692307,0,27730,False,27720,26720
869,919,1136-XGEQU,0.11057692307692307,0,27720,False,27710,26710
870,515,1264-FUHCX,0.11057692307692307,0,27710,False,27700,26700
871,365,1444-VVSGW,0.11057692307692307,1,27700,True,27790,26790
872,451,2129-ALKBS,0.11057692307692307,0,27790,False,27780,26780
873,715,2408-PSJVE,0.11057692307692307,0,27780,False,27770,26770
874,129,2428-ZMCTB,0.11057692307692307,0,27770,False,27760,26760
875,376,2746-DIJLO,0.11057692307692307,0,27760,False,27750,26750
876,307,2969-WGHQO,0.11057692307692307,0,27750,False,27740,26740
877,1017,3181-MIZBN,0.11057692307692307,0,27740,False,27730,26730
878,1029,3339-EAQNV,0.11057692307692307,0,27730,False,27720,26720
879,351,3594-UVONA,0.11057692307692307,1,27720,True,27810,26810
880,168,3623-FQBOX,0.11057692307692307,0,27810,False,27800,26800
881,767,3733-UOCWF,0.11057692307692307,0,27800,False,27790,26790
882,790,3766-EJLFL,0.11057692307692307,0,27790,False,27780,26780
883,1329,4501-UYKBC,0.11057692307692307,0,27780,False,27770,26770
884,1241,4627-MIHJH,0.11057692307692307,0,27770,False,27760,26760
885,923,4785-QRJHC,0.11057692307692307,1,27760,True,27850,26850
886,7,4830-FAXFM,0.11057692307692307,0,27850,False,27840,26840
887,337,5236-XMZJY,0.11057692307692307,0,27840,False,27830,26830
888,243,5360-LJCNJ,0.11057692307692307,0,27830,False,27820,26820
889,823,5566-SOEZD,0.11057692307692307,0,27820,False,27810,26810
890,206,6075-QMNRR,0.11057692307692307,0,27810,False,27800,26800
891,468,6112-KTHFQ,0.11057692307692307,0,27800,False,27790,26790
892,691,6242-SGYTS,0.11057692307692307,0,27790,False,27780,26780
893,612,6766-HFKLA,0.11057692307692307,0,27780,False,27770,26770
894,345,6797-LNAQX,0.11057692307692307,1,27770,True,27860,26860
895,323,6838-HVLXG,0.11057692307692307,0,27860,False,27850,26850
896,1387,6968-URWQU,0.11057692307692307,0,27850,False,27840,26840
897,1323,7233-IOQNP,0.11057692307692307,0,27840,False,27830,26830
898,545,7266-GSSJX,0.11057692307692307,0,27830,False,27820,26820
899,279,7531-GQHME,0.11057692307692307,0,27820,False,27810,26810
900,1183,7654-YWJUF,0.11057692307692307,0,27810,False,27800,26800
901,261,7663-CUXZB,0.11057692307692307,0,27800,False,27790,26790
902,1004,8034-RYTVV,0.11057692307692307,0,27790,False,27780,26780
903,1214,8400-WZICQ,0.11057692307692307,0,27780,False,27770,26770
904,671,8409-WQJUX,0.11057692307692307,0,27770,False,27760,26760
905,791,8457-XIGKN,0.11057692307692307,0,27760,False,27750,26750
906,780,8646-JCOMS,0.11057692307692307,0,27750,False,27740,26740
907,1176,8735-NBLWT,0.11057692307692307,0,27740,False,27730,26730
908,356,8819-ZBYNA,0.11057692307692307,0,27730,False,27720,26720
909,73,9138-EFSMO,0.11057692307692307,0,27720,False,27710,26710
910,364,9143-CANJF,0.11057692307692307,0,27710,False,27700,26700
911,1325,9256-JTBNZ,0.11057692307692307,0,27700,False,27690,26690
912,281,9367-TCUYN,0.11057692307692307,0,27690,False,27680,26680
913,595,9402-ROUMJ,0.11057692307692307,0,27680,False,27670,26670
914,1198,9931-KGHOA,0.11057692307692307,0,27670,False,27660,26660
