rank,customerID,calibrated_probability,actual_churn,budget_before,success,budget_after,cumulative_profit
1,0295-PPHDO,1.0,1,1000,True,1090,90
2,1069-XAIEM,1.0,1,1090,True,1180,180
3,5178-LMXOP,1.0,1,1180,True,1270,270
4,0235-KGSLC,0.8923076923076924,1,1270,True,1360,360
5,0390-DCFDQ,0.8923076923076924,1,1360,True,1450,450
6,0655-RBDUG,0.8923076923076924,1,1450,True,1540,540
7,0679-IDSTG,0.8923076923076924,1,1540,True,1630,630
8,0841-NULXI,0.8923076923076924,1,1630,True,1720,720
9,0970-ETWGE,0.8923076923076924,1,1720,True,1810,810
10,1143-NMNQJ,0.8923076923076924,1,1810,True,1900,900
11,1400-MMYXY,0.8923076923076924,1,1900,True,1990,990
12,1448-PWKYE,0.8923076923076924,1,1990,True,2080,1080
13,1628-BIZYP,0.8923076923076924,0,2080,False,2070,1070
14,1768-ZAIFU,0.8923076923076924,1,2070,True,2160,1160
15,1820-TQVEV,0.8923076923076924,1,2160,True,2250,1250
16,1853-UDXBW,0.8923076923076924,1,2250,True,2340,1340
17,2027-FECZV,0.8923076923076924,1,2340,True,2430,1430
18,2034-GDRCN,0.8923076923076924,1,2430,True,2520,1520
19,2202-CUYXZ,0.8923076923076924,1,2520,True,2610,1610
20,2254-DLXRI,0.8923076923076924,0,2610,False,2600,1600
21,2514-GINMM,0.8923076923076924,1,2600,True,2690,1690
22,2545-EBUPK,0.8923076923076924,0,2690,False,2680,1680
23,2609-IAICY,0.8923076923076924,1,2680,True,2770,1770
24,2754-SDJRD,0.8923076923076924,0,2770,False,2760,1760
25,2865-TCHJW,0.8923076923076924,1,2760,True,2850,1850
26,2867-UIMSS,0.8923076923076924,1,2850,True,2940,1940
27,3006-XIMLN,0.8923076923076924,1,2940,True,3030,2030
28,3244-DCJWY,0.8923076923076924,1,3030,True,3120,2120
29,3292-PBZEJ,0.8923076923076924,0,3120,False,3110,2110
30,3422-LYEPQ,0.8923076923076924,1,3110,True,3200,2200
31,3707-GNWHM,0.8923076923076924,1,3200,True,3290,2290
32,3716-BDVDB,0.8923076923076924,1,3290,True,3380,2380
33,3722-WPXTK,0.8923076923076924,1,3380,True,3470,2470
34,4415-IJZTP,0.8923076923076924,1,3470,True,3560,2560
35,4445-ZJNMU,0.8923076923076924,0,3560,False,3550,2550
36,4587-VVTOX,0.8923076923076924,1,3550,True,3640,2640
37,4750-ZRXIU,0.8923076923076924,1,3640,True,3730,2730
38,4927-WWOOZ,0.8923076923076924,0,3730,False,3720,2720
39,5167-ZFFMM,0.8923076923076924,1,3720,True,3810,2810
40,5186-SAMNZ,0.8923076923076924,1,3810,True,3900,2900
41,5196-SGOAK,0.8923076923076924,1,3900,True,3990,2990
42,5376-DEQCP,0.8923076923076924,1,3990,True,4080,3080
43,5419-CONWX,0.8923076923076924,1,4080,True,4170,3170
44,5542-TBBWB,0.8923076923076924,0,4170,False,4160,3160
45,6023-YEBUP,0.8923076923076924,1,4160,True,4250,3250
46,6230-BSUXY,0.8923076923076924,1,4250,True,4340,3340
47,6372-RFVNS,0.8923076923076924,1,4340,True,4430,3430
48,6630-UJZMY,0.8923076923076924,0,4430,False,4420,3420
49,6857-VWJDT,0.8923076923076924,1,4420,True,4510,3510
50,6861-XWTWQ,0.8923076923076924,1,4510,True,4600,3600
51,6910-HADCM,0.8923076923076924,1,4600,True,4690,3690
52,6969-MVBAI,0.8923076923076924,0,4690,False,4680,3680
53,7180-PISOG,0.8923076923076924,1,4680,True,4770,3770
54,7181-BQYBV,0.8923076923076924,1,4770,True,4860,3860
55,7209-JCUDS,0.8923076923076924,1,4860,True,4950,3950
56,7409-KIUTL,0.8923076923076924,1,4950,True,5040,4040
57,8161-QYMTT,0.8923076923076924,0,5040,False,5030,4030
58,8375-DKEBR,0.8923076923076924,1,5030,True,5120,4120
59,8380-PEFPE,0.8923076923076924,1,5120,True,5210,4210
60,8593-WHYHV,0.8923076923076924,1,5210,True,5300,4300
61,8622-ZLFKO,0.8923076923076924,0,5300,False,5290,4290
62,8739-XNIKG,0.8923076923076924,0,5290,False,5280,4280
63,8775-ERLNB,0.8923076923076924,0,5280,False,5270,4270
64,8821-XNHVZ,0.8923076923076924,1,5270,True,5360,4360
65,8884-ADFVN,0.8923076923076924,1,5360,True,5450,4450
66,9057-SIHCH,0.8923076923076924,1,5450,True,5540,4540
67,9248-OJYKK,0.8923076923076924,1,5540,True,5630,4630
68,9507-EXLTT,0.8923076923076924,1,5630,True,5720,4720
69,9804-ICWBG,0.8923076923076924,1,5720,True,5810,4810
70,3320-VEOYC,0.82,0,5810,False,5800,4800
71,3338-CVVEH,0.82,0,5800,False,5790,4790
72,4713-LZDRV,0.82,1,5790,True,5880,4880
73,6137-NICCO,0.82,0,5880,False,5870,4870
74,6979-ZNSFF,0.82,1,5870,True,5960,4960
75,7817-BOQPW,0.82,1,5960,True,6050,5050
76,8258-GSTJK,0.82,1,6050,True,6140,5140
77,9221-OTIVJ,0.82,1,6140,True,6230,5230
78,9940-RHLFB,0.82,1,6230,True,6320,5320
79,1320-HTRDR,0.8181818181818182,1,6320,True,6410,5410
80,5052-PNLOS,0.8181818181818182,1,6410,True,6500,5500
81,7249-WBIYX,0.8181818181818182,1,6500,True,6590,5590
82,9611-CTWIH,0.8181818181818182,1,6590,True,6680,5680
83,1731-TVIUK,0.8143419633966035,1,6680,True,6770,5770
84,4090-KPJIP,0.7777777777777778,0,6770,False,6760,5760
85,0616-ATFGB,0.6875,1,6760,True,6850,5850
86,1024-GUALD,0.6875,1,6850,True,6940,5940
87,4115-NZRKS,0.6875,0,6940,False,6930,5930
88,6328-ZPBGN,0.6875,1,6930,True,7020,6020
89,7218-HKQFK,0.6875,1,7020,True,7110,6110
90,8443-ZRDBZ,0.6875,1,7110,True,7200,6200
91,9851-KIELU,0.6875,1,7200,True,7290,6290
92,9878-TNQGW,0.6875,1,7290,True,7380,6380
93,3877-JRJIP,0.6864856909657229,1,7380,True,7470,6470
94,5698-BQJOH,0.683954851033845,1,7470,True,7560,6560
95,3519-ZKXGG,0.6793724106678628,1,7560,True,7650,6650
96,8245-UMPYT,0.6779053305663176,1,7650,True,7740,6740
97,3677-IYRBF,0.6521739130434783,1,7740,True,7830,6830
98,8083-YTZES,0.6521739130434783,1,7830,True,7920,6920
99,0871-URUWO,0.6438356164383562,1,7920,True,8010,7010
100,1980-KXVPM,0.6438356164383562,1,8010,True,8100,7100
101,2077-MPJQO,0.6438356164383562,0,8100,False,8090,7090
102,2485-ITVKB,0.6438356164383562,1,8090,True,8180,7180
103,2495-INZWQ,0.6438356164383562,1,8180,True,8270,7270
104,2959-MJHIC,0.6438356164383562,1,8270,True,8360,7360
105,3030-YDNRM,0.6438356164383562,0,8360,False,8350,7350
106,3063-QFSZL,0.6438356164383562,1,8350,True,8440,7440
107,3199-XGZCY,0.6438356164383562,0,8440,False,8430,7430
108,3585-ISXZP,0.6438356164383562,1,8430,True,8520,7520
109,3721-CNEYS,0.6438356164383562,1,8520,True,8610,7610
110,4229-CZMLL,0.6438356164383562,1,8610,True,8700,7700
111,4342-HENTK,0.6438356164383562,1,8700,True,8790,7790
112,4806-KEXQR,0.6438356164383562,1,8790,True,8880,7880
113,5159-YFPKQ,0.6438356164383562,1,8880,True,8970,7970
114,5357-TZHPP,0.6438356164383562,1,8970,True,9060,8060
115,5382-SOYZL,0.6438356164383562,0,9060,False,9050,8050
116,5501-TVMGM,0.6438356164383562,0,9050,False,9040,8040
117,6608-QQLVK,0.6438356164383562,1,9040,True,9130,8130
118,6821-BUXUX,0.6438356164383562,1,9130,True,9220,8220
119,6856-RAURS,0.6438356164383562,0,9220,False,9210,8210
120,6892-XPFPU,0.6438356164383562,1,9210,True,9300,8300
121,7130-VTEWQ,0.6438356164383562,1,9300,True,9390,8390
122,7235-NXZCP,0.6438356164383562,1,9390,True,9480,8480
123,7273-TEFQD,0.6438356164383562,1,9480,True,9570,8570
124,7952-OBOYL,0.6438356164383562,0,9570,False,9560,8560
125,8266-VBFQL,0.6438356164383562,0,9560,False,9550,8550
126,8445-DNBAE,0.6438356164383562,0,9550,False,9540,8540
127,8752-STIVR,0.6438356164383562,1,9540,True,9630,8630
128,9334-GWGOW,0.6438356164383562,0,9630,False,9620,8620
129,9717-QEBGU,0.6438356164383562,0,9620,False,9610,8610
130,9747-DDZOS,0.6438356164383562,1,9610,True,9700,8700
131,9907-SWKKF,0.6438356164383562,1,9700,True,9790,8790
132,1751-NCDLI,0.6341463414634148,0,9790,False,9780,8780
133,2737-YNGYW,0.6341463414634148,1,9780,True,9870,8870
134,4706-AXVKM,0.6341463414634148,1,9870,True,9960,8960
135,4735-ASGMA,0.6341463414634148,1,9960,True,10050,9050
136,6077-BDPXA,0.6341463414634148,0,10050,False,10040,9040
137,7005-CCBKV,0.6341463414634148,1,10040,True,10130,9130
138,7354-OIJLX,0.6341463414634148,0,10130,False,10120,9120
139,8132-YPVBX,0.6341463414634148,0,10120,False,10110,9110
140,8361-LTMKD,0.6341463414634148,1,10110,True,10200,9200
141,8541-QVFKM,0.6341463414634148,0,10200,False,10190,9190
142,9685-WKZGT,0.6341463414634148,1,10190,True,10280,9280
143,0004-TLHLJ,0.6285714285714286,1,10280,True,10370,9370
144,0258-NOKBL,0.6285714285714286,0,10370,False,10360,9360
145,0506-LVNGN,0.6285714285714286,1,10360,True,10450,9450
146,0876-WDUUZ,0.6285714285714286,1,10450,True,10540,9540
147,2025-JKFWI,0.6285714285714286,1,10540,True,10630,9630
148,2439-LYPMQ,0.6285714285714286,0,10630,False,10620,9620
149,2761-OCIAX,0.6285714285714286,1,10620,True,10710,9710
150,2845-HSJCY,0.6285714285714286,1,10710,True,10800,9800
151,2985-FMWYF,0.6285714285714286,0,10800,False,10790,9790
152,3334-CTHOL,0.6285714285714286,1,10790,True,10880,9880
153,3750-CKVKH,0.6285714285714286,1,10880,True,10970,9970
154,4631-OACRM,0.6285714285714286,1,10970,True,11060,10060
155,4706-DGAHW,0.6285714285714286,0,11060,False,11050,10050
156,4919-IKATY,0.6285714285714286,1,11050,True,11140,10140
157,5480-HPRRX,0.6285714285714286,1,11140,True,11230,10230
158,6000-APYLU,0.6285714285714286,1,11230,True,11320,10320
159,6047-YHPVI,0.6285714285714286,1,11320,True,11410,10410
160,7029-RPUAV,0.6285714285714286,1,11410,True,11500,10500
161,7198-GLXTC,0.6285714285714286,1,11500,True,11590,10590
162,7363-QTBIW,0.6285714285714286,0,11590,False,11580,10580
163,7495-OOKFY,0.6285714285714286,1,11580,True,11670,10670
164,8080-DDEMJ,0.6285714285714286,1,11670,True,11760,10760
165,8397-MVTAZ,0.6285714285714286,1,11760,True,11850,10850
166,8650-RHRKE,0.6285714285714286,1,11850,True,11940,10940
167,9227-LUNBG,0.6285714285714286,1,11940,True,12030,11030
168,9643-AVVWI,0.6285714285714286,0,12030,False,12020,11020
169,9741-YLNTD,0.6285714285714286,0,12020,False,12010,11010
170,0023-XUOPT,0.6052009456264775,1,12010,True,12100,11100
171,0330-IVZHA,0.6052009456264775,1,12100,True,12190,11190
172,0388-EOPEX,0.6052009456264775,1,12190,True,12280,11280
173,0432-CAJZV,0.6052009456264775,0,12280,False,12270,11270
174,0524-IAVZO,0.6052009456264775,1,12270,True,12360,11360
175,0576-WNXXC,0.6052009456264775,1,12360,True,12450,11450
176,0685-MLYYM,0.6052009456264775,1,12450,True,12540,11540
177,0923-PNFUB,0.6052009456264775,1,12540,True,12630,11630
178,0952-KMEEH,0.6052009456264775,1,12630,True,12720,11720
179,0958-YHXGP,0.6052009456264775,0,12720,False,12710,11710
180,0988-JRWWP,0.6052009456264775,0,12710,False,12700,11700
181,1016-DJTSV,0.6052009456264775,0,12700,False,12690,11690
182,1077-HUUJM,0.6052009456264775,0,12690,False,12680,11680
183,1112-CUNAO,0.6052009456264775,1,12680,True,12770,11770
184,1379-FRVEB,0.6052009456264775,0,12770,False,12760,11760
185,1475-VWVDO,0.6052009456264775,0,12760,False,12750,11750
186,1522-VVDMG,0.6052009456264775,1,12750,True,12840,11840
187,1536-HBSWP,0.6052009456264775,0,12840,False,12830,11830
188,1658-TJVOA,0.6052009456264775,0,12830,False,12820,11820
189,1867-BDVFH,0.6052009456264775,1,12820,True,12910,11910
190,1942-OQFRW,0.6052009456264775,0,12910,False,12900,11900
191,2057-ZBLPD,0.6052009456264775,1,12900,True,12990,11990
192,2187-PKZAY,0.6052009456264775,0,12990,False,12980,11980
193,2325-NBPZG,0.6052009456264775,0,12980,False,12970,11970
194,2386-LAHRK,0.6052009456264775,1,12970,True,13060,12060
195,2482-CZGBB,0.6052009456264775,1,13060,True,13150,12150
196,2665-NPTGL,0.6052009456264775,0,13150,False,13140,12140
197,2754-XBHTB,0.6052009456264775,1,13140,True,13230,12230
198,2800-QQUSO,0.6052009456264775,0,13230,False,13220,12220
199,2860-RANUS,0.6052009456264775,1,13220,True,13310,12310
200,2919-HBCJO,0.6052009456264775,1,13310,True,13400,12400
201,3365-SAIGS,0.6052009456264775,0,13400,False,13390,12390
202,3587-PMCOY,0.6052009456264775,0,13390,False,13380,12380
203,3627-FHKBK,0.6052009456264775,1,13380,True,13470,12470
204,3672-YITQD,0.6052009456264775,1,13470,True,13560,12560
205,3717-OEAUQ,0.6052009456264775,0,13560,False,13550,12550
206,3891-PUQOD,0.6052009456264775,1,13550,True,13640,12640
207,3908-BLSYF,0.6052009456264775,1,13640,True,13730,12730
208,3966-HRMZA,0.6052009456264775,0,13730,False,13720,12720
209,4029-HPFVY,0.6052009456264775,0,13720,False,13710,12710
210,4237-RLAQD,0.6052009456264775,1,13710,True,13800,12800
211,4283-FUTGF,0.6052009456264775,1,13800,True,13890,12890
212,4301-VVZKA,0.6052009456264775,0,13890,False,13880,12880
213,4317-VTEOA,0.6052009456264775,1,13880,True,13970,12970
214,4512-ZUIYL,0.6052009456264775,1,13970,True,14060,13060
215,4678-DVQEO,0.6052009456264775,1,14060,True,14150,13150
216,4686-UXDML,0.6052009456264775,0,14150,False,14140,13140
217,4817-VYYWS,0.6052009456264775,1,14140,True,14230,13230
218,4983-CCWMC,0.6052009456264775,0,14230,False,14220,13220
219,5022-JNQEQ,0.6052009456264775,0,14220,False,14210,13210
220,5133-POWUA,0.6052009456264775,0,14210,False,14200,13200
221,5144-TVGLP,0.6052009456264775,0,14200,False,14190,13190
222,5228-EXCET,0.6052009456264775,1,14190,True,14280,13280
223,5339-PXDVH,0.6052009456264775,0,14280,False,14270,13270
224,5351-QESIO,0.6052009456264775,0,14270,False,14260,13260
225,5380-WJKOV,0.6052009456264775,1,14260,True,14350,13350
226,5442-BHQNG,0.6052009456264775,0,14350,False,14340,13340
227,5628-FCGYG,0.6052009456264775,0,14340,False,14330,13330
228,5692-FPTAH,0.6052009456264775,1,14330,True,14420,13420
229,5759-RCVCB,0.6052009456264775,1,14420,True,14510,13510
230,6034-YMTOB,0.6052009456264775,0,14510,False,14500,13500
231,6048-QBXKL,0.6052009456264775,0,14500,False,14490,13490
232,6158-HDPXZ,0.6052009456264775,0,14490,False,14480,13480
233,6166-ILMNY,0.6052009456264775,1,14480,True,14570,13570
234,6175-IRFIT,0.6052009456264775,0,14570,False,14560,13560
235,6317-YPKDH,0.6052009456264775,1,14560,True,14650,13650
236,6319-IEJWJ,0.6052009456264775,1,14650,True,14740,13740
237,6338-AVWCY,0.6052009456264775,1,14740,True,14830,13830
238,6376-GAHQE,0.6052009456264775,1,14830,True,14920,13920
239,6507-ZJSUR,0.6052009456264775,0,14920,False,14910,13910
240,6543-XRMYR,0.6052009456264775,1,14910,True,15000,14000
241,6651-AZVTJ,0.6052009456264775,1,15000,True,15090,14090
242,6661-HBGWL,0.6052009456264775,1,15090,True,15180,14180
243,6680-WKXRZ,0.6052009456264775,1,15180,True,15270,14270
244,6705-LXORM,0.6052009456264775,0,15270,False,15260,14260
245,6712-OAWRH,0.6052009456264775,1,15260,True,15350,14350
246,6899-PPEEA,0.6052009456264775,1,15350,True,15440,14440
247,7056-IMHCC,0.6052009456264775,1,15440,True,15530,14530
248,7571-YXDAD,0.6052009456264775,1,15530,True,15620,14620
249,7663-RGWBC,0.6052009456264775,1,15620,True,15710,14710
250,7748-UMTRK,0.6052009456264775,0,15710,False,15700,14700
251,7851-FLGGQ,0.6052009456264775,1,15700,True,15790,14790
252,7861-UVUFT,0.6052009456264775,1,15790,True,15880,14880
253,7881-EVUAD,0.6052009456264775,1,15880,True,15970,14970
254,7912-SYRQT,0.6052009456264775,1,15970,True,16060,15060
255,7928-VJYAB,0.6052009456264775,0,16060,False,16050,15050
256,8212-DJRCH,0.6052009456264775,0,16050,False,16040,15040
257,8280-MQRQN,0.6052009456264775,1,16040,True,16130,15130
258,8676-TRMJS,0.6052009456264775,1,16130,True,16220,15220
259,8699-ASUFO,0.6052009456264775,1,16220,True,16310,15310
260,8709-KRDVL,0.6052009456264775,0,16310,False,16300,15300
261,8739-WWKDU,0.6052009456264775,1,16300,True,16390,15390
262,8818-DOPVL,0.6052009456264775,0,16390,False,16380,15380
263,8873-GLDMH,0.6052009456264775,0,16380,False,16370,15370
264,8903-XEBGX,0.6052009456264775,0,16370,False,16360,15360
265,8938-UMKPI,0.6052009456264775,1,16360,True,16450,15450
266,8993-PHFWD,0.6052009456264775,1,16450,True,16540,15540
267,9054-FOWNV,0.6052009456264775,0,16540,False,16530,15530
268,9279-CJEOJ,0.6052009456264775,0,16530,False,16520,15520
269,9420-LOJKX,0.6052009456264775,1,16520,True,16610,15610
270,9576-ANLXO,0.6052009456264775,1,16610,True,16700,15700
271,9638-JIQYA,0.6052009456264775,0,16700,False,16690,15690
272,9692-TUSXH,0.6052009456264775,1,16690,True,16780,15780
273,9752-ZNQUT,0.6052009456264775,0,16780,False,16770,15770
274,9840-DVNDC,0.6052009456264775,1,16770,True,16860,15860
275,7054-LGEQW,0.5765908278329431,1,16860,True,16950,15950
276,0899-LIIBW,0.5238095238095238,0,16950,False,16940,15940
277,1335-NTIUC,0.5238095238095238,0,16940,False,16930,15930
278,2672-OJQZP,0.5238095238095238,0,16930,False,16920,15920
279,4873-ILOLJ,0.5238095238095238,1,16920,True,17010,16010
280,7250-EQKIY,0.5238095238095238,1,17010,True,17100,16100
281,7587-RZNME,0.5238095238095238,1,17100,True,17190,16190
282,0322-CHQRU,0.4900990099009901,1,17190,True,17280,16280
283,0376-YMCJC,0.4900990099009901,1,17280,True,17370,16370
284,0581-BXBUB,0.4900990099009901,0,17370,False,17360,16360
285,0749-IRGQE,0.4900990099009901,0,17360,False,17350,16350
286,1035-IPQPU,0.4900990099009901,0,17350,False,17340,16340
287,1092-GANHU,0.4900990099009901,1,17340,True,17430,16430
288,1240-KNSEZ,0.4900990099009901,1,17430,True,17520,16520
289,1302-UHBDD,0.4900990099009901,0,17520,False,17510,16510
290,1319-YLZJG,0.4900990099009901,0,17510,False,17500,16500
291,1471-GIQKQ,0.4900990099009901,0,17500,False,17490,16490
292,1833-TCXKK,0.4900990099009901,0,17490,False,17480,16480
293,1895-QTKDO,0.4900990099009901,0,17480,False,17470,16470
294,1902-XBTFB,0.4900990099009901,1,17470,True,17560,16560
295,1965-DDBWU,0.4900990099009901,1,17560,True,17650,16650
296,1989-PRJHP,0.4900990099009901,1,17650,True,17740,16740
297,2041-JIJCI,0.4900990099009901,0,17740,False,17730,16730
298,2277-DJJDL,0.4900990099009901,0,17730,False,17720,16720
299,2369-FEVNO,0.4900990099009901,0,17720,False,17710,16710
300,2694-CIUMO,0.4900990099009901,0,17710,False,17700,16700
301,3197-ARFOY,0.4900990099009901,0,17700,False,17690,16690
302,3312-UUMZW,0.4900990099009901,0,17690,False,17680,16680
303,3374-LXDEV,0.4900990099009901,1,17680,True,17770,16770
304,3524-WQDSG,0.4900990099009901,0,17770,False,17760,16760
305,3658-KIBGF,0.4900990099009901,1,17760,True,17850,16850
306,3858-VOBET,0.4900990099009901,1,17850,True,17940,16940
307,4154-AQUGT,0.4900990099009901,1,17940,True,18030,17030
308,4223-WOZCM,0.4900990099009901,0,18030,False,18020,17020
309,4329-YPDDQ,0.4900990099009901,0,18020,False,18010,17010
310,4412-YLTKF,0.4900990099009901,1,18010,True,18100,17100
311,4547-LYTDD,0.4900990099009901,1,18100,True,18190,17190
312,4647-MUZON,0.4900990099009901,0,18190,False,18180,17180
313,4658-HCOHW,0.4900990099009901,1,18180,True,18270,17270
314,4818-QIUFN,0.4900990099009901,1,18270,True,18360,17360
315,4846-WHAFZ,0.4900990099009901,1,18360,True,18450,17450
316,5103-MHMHY,0.4900990099009901,1,18450,True,18540,17540
317,5129-JLPIS,0.4900990099009901,0,18540,False,18530,17530
318,5207-PLSTK,0.4900990099009901,0,18530,False,18520,17520
319,5331-RGMTT,0.4900990099009901,0,18520,False,18510,17510
320,5606-AMZBO,0.4900990099009901,0,18510,False,18500,17500
321,5650-YLIBA,0.4900990099009901,0,18500,False,18490,17490
322,5760-FXFVO,0.4900990099009901,0,18490,False,18480,17480
323,5889-JTMUL,0.4900990099009901,1,18480,True,18570,17570
324,6080-TCMYC,0.4900990099009901,0,18570,False,18560,17560
325,6377-WHAOX,0.4900990099009901,0,18560,False,18550,17550
326,6557-BZXLQ,0.4900990099009901,0,18550,False,18540,17540
327,7181-OQCUT,0.4900990099009901,0,18540,False,18530,17530
328,7278-CKDNC,0.4900990099009901,0,18530,False,18520,17520
329,7279-BUYWN,0.4900990099009901,1,18520,True,18610,17610
330,7410-YTJIK,0.4900990099009901,1,18610,True,18700,17700
331,7534-BFESC,0.4900990099009901,1,18700,True,18790,17790
332,7603-USHJS,0.4900990099009901,1,18790,True,18880,17880
333,8059-UDZFY,0.4900990099009901,0,18880,False,18870,17870
334,8378-LKJAF,0.4900990099009901,0,18870,False,18860,17860
335,8393-DLHGA,0.4900990099009901,1,18860,True,18950,17950
336,8621-MNIHH,0.4900990099009901,1,18950,True,19040,18040
337,8696-JKZNU,0.4900990099009901,1,19040,True,19130,18130
338,8757-TFHHJ,0.4900990099009901,0,19130,False,19120,18120
339,8778-LMWTJ,0.4900990099009901,0,19120,False,19110,18110
340,8785-CJSHH,0.4900990099009901,0,19110,False,19100,18100
341,9048-JVYVF,0.4900990099009901,1,19100,True,19190,18190
342,9050-QLROH,0.4900990099009901,1,19190,True,19280,18280
343,9167-APMXZ,0.4900990099009901,0,19280,False,19270,18270
344,9283-LZQOH,0.4900990099009901,1,19270,True,19360,18360
345,9389-ACWBI,0.4900990099009901,0,19360,False,19350,18350
346,9465-RWMXL,0.4900990099009901,1,19350,True,19440,18440
347,9572-WUKSB,0.4900990099009901,0,19440,False,19430,18430
348,9779-DPNEJ,0.4900990099009901,0,19430,False,19420,18420
349,9866-QEVEE,0.4900990099009901,1,19420,True,19510,18510
350,9927-DSWDF,0.4900990099009901,0,19510,False,19500,18500
351,9992-UJOEL,0.4900990099009901,0,19500,False,19490,18490
352,0682-USIXD,0.425531914893617,0,19490,False,19480,18480
353,1236-WFCDV,0.425531914893617,1,19480,True,19570,18570
354,2227-JRSJX,0.425531914893617,0,19570,False,19560,18560
355,2606-RMDHZ,0.425531914893617,1,19560,True,19650,18650
356,3312-ZWLGF,0.425531914893617,0,19650,False,19640,18640
357,4208-UFFGW,0.425531914893617,1,19640,True,19730,18730
358,6331-LWDTQ,0.425531914893617,1,19730,True,19820,18820
359,6542-LWGXJ,0.425531914893617,0,19820,False,19810,18810
360,7018-WBJNK,0.425531914893617,0,19810,False,19800,18800
361,8160-HOWOX,0.425531914893617,0,19800,False,19790,18790
362,8601-QACRS,0.425531914893617,1,19790,True,19880,18880
363,9661-MHUMO,0.425531914893617,1,19880,True,19970,18970
364,0015-UOCOJ,0.37531486146095716,0,19970,False,19960,18960
365,0082-OQIQY,0.37531486146095716,0,19960,False,19950,18950
366,0096-BXERS,0.37531486146095716,0,19950,False,19940,18940
367,0256-LTHVJ,0.37531486146095716,1,19940,True,20030,19030
368,0265-PSUAE,0.37531486146095716,0,20030,False,20020,19020
369,0310-MVLET,0.37531486146095716,1,20020,True,20110,19110
370,0430-IHCDJ,0.37531486146095716,0,20110,False,20100,19100
371,0531-ZZJWQ,0.37531486146095716,0,20100,False,20090,19090
372,0581-MDMPW,0.37531486146095716,0,20090,False,20080,19080
373,0778-NELLA,0.37531486146095716,1,20080,True,20170,19170
374,0823-HSCDJ,0.37531486146095716,1,20170,True,20260,19260
375,0963-ZBDRN,0.37531486146095716,1,20260,True,20350,19350
376,0979-PHULV,0.37531486146095716,1,20350,True,20440,19440
377,1100-DDVRV,0.37531486146095716,0,20440,False,20430,19430
378,1310-QRITU,0.37531486146095716,0,20430,False,20420,19420
379,1346-UFHAX,0.37531486146095716,0,20420,False,20410,19410
380,1452-KIOVK,0.37531486146095716,0,20410,False,20400,19400
381,1541-ETJZO,0.37531486146095716,1,20400,True,20490,19490
382,1587-FKLZB,0.37531486146095716,1,20490,True,20580,19580
383,1622-HSHSF,0.37531486146095716,0,20580,False,20570,19570
384,1816-FLZDK,0.37531486146095716,0,20570,False,20560,19560
385,1894-IGFSG,0.37531486146095716,1,20560,True,20650,19650
386,2070-FNEXE,0.37531486146095716,1,20650,True,20740,19740
387,2101-RANCD,0.37531486146095716,0,20740,False,20730,19730
388,2203-GHNWN,0.37531486146095716,0,20730,False,20720,19720
389,2277-VWCNI,0.37531486146095716,0,20720,False,20710,19710
390,2309-OSFEU,0.37531486146095716,1,20710,True,20800,19800
391,2452-KDRRH,0.37531486146095716,0,20800,False,20790,19790
392,2480-SQIOB,0.37531486146095716,0,20790,False,20780,19780
393,2501-XWWTZ,0.37531486146095716,0,20780,False,20770,19770
394,2587-EKXTS,0.37531486146095716,0,20770,False,20760,19760
395,2604-IJPDU,0.37531486146095716,0,20760,False,20750,19750
396,2720-FVBQP,0.37531486146095716,0,20750,False,20740,19740
397,2911-WDXMV,0.37531486146095716,0,20740,False,20730,19730
398,2955-BJZHG,0.37531486146095716,1,20730,True,20820,19820
399,2971-SGAFL,0.37531486146095716,0,20820,False,20810,19810
400,3331-HQDTW,0.37531486146095716,1,20810,True,20900,19900
401,3466-WAESX,0.37531486146095716,0,20900,False,20890,19890
402,3540-RZJYU,0.37531486146095716,1,20890,True,20980,19980
403,3780-YVMFA,0.37531486146095716,0,20980,False,20970,19970
404,3787-TRIAL,0.37531486146095716,0,20970,False,20960,19960
405,3923-CSIHK,0.37531486146095716,1,20960,True,21050,20050
406,3932-CMDTD,0.37531486146095716,1,21050,True,21140,20140
407,4248-QPAVC,0.37531486146095716,1,21140,True,21230,20230
408,4360-PNRQB,0.37531486146095716,0,21230,False,21220,20220
409,4570-QHXHL,0.37531486146095716,0,21220,False,21210,20210
410,4581-LNWUM,0.37531486146095716,0,21210,False,21200,20200
411,4667-OHGKG,0.37531486146095716,1,21200,True,21290,20290
412,4690-LLKUA,0.37531486146095716,1,21290,True,21380,20380
413,4760-THGOT,0.37531486146095716,0,21380,False,21370,20370
414,4829-AUOAX,0.37531486146095716,1,21370,True,21460,20460
415,4840-ORQXB,0.37531486146095716,0,21460,False,21450,20450
416,4947-DSMXK,0.37531486146095716,0,21450,False,21440,20440
417,5016-IBERQ,0.37531486146095716,0,21440,False,21430,20430
418,5226-NOZFC,0.37531486146095716,0,21430,False,21420,20420
419,5281-BUZGT,0.37531486146095716,1,21420,True,21510,20510
420,5373-SFODM,0.37531486146095716,1,21510,True,21600,20600
421,5461-QKNTN,0.37531486146095716,0,21600,False,21590,20590
422,5609-IMCGG,0.37531486146095716,0,21590,False,21580,20580
423,5651-YLPRD,0.37531486146095716,0,21580,False,21570,20570
424,5828-AVIPD,0.37531486146095716,1,21570,True,21660,20660
425,6022-UGGSO,0.37531486146095716,1,21660,True,21750,20750
426,6128-AQBMT,0.37531486146095716,0,21750,False,21740,20740
427,6173-GOLSU,0.37531486146095716,0,21740,False,21730,20730
428,6284-AHOOQ,0.37531486146095716,1,21730,True,21820,20820
429,6286-SUUWT,0.37531486146095716,0,21820,False,21810,20810
430,6304-IJFSQ,0.37531486146095716,1,21810,True,21900,20900
431,6402-EJMWF,0.37531486146095716,0,21900,False,21890,20890
432,6481-ESCNL,0.37531486146095716,0,21890,False,21880,20880
433,6543-CPZMK,0.37531486146095716,1,21880,True,21970,20970
434,6654-QGBZZ,0.37531486146095716,0,21970,False,21960,20960
435,6710-HSJRD,0.37531486146095716,0,21960,False,21950,20950
436,6770-XUAGN,0.37531486146095716,1,21950,True,22040,21040
437,6834-NXDCA,0.37531486146095716,1,22040,True,22130,21130
438,6845-RGTYS,0.37531486146095716,1,22130,True,22220,21220
439,7129-ACFOG,0.37531486146095716,0,22220,False,22210,21210
440,7277-OZCGZ,0.37531486146095716,0,22210,False,22200,21200
441,7404-JLKQG,0.37531486146095716,0,22200,False,22190,21190
442,7460-ITWWP,0.37531486146095716,0,22190,False,22180,21180
443,7470-MCQTK,0.37531486146095716,1,22180,True,22270,21270
444,7503-QQRVF,0.37531486146095716,1,22270,True,22360,21360
445,7529-ZDFXI,0.37531486146095716,0,22360,False,22350,21350
446,7579-OOPEC,0.37531486146095716,1,22350,True,22440,21440
447,7623-TRNQN,0.37531486146095716,1,22440,True,22530,21530
448,7853-WNZSY,0.37531486146095716,0,22530,False,22520,21520
449,7855-DIWPO,0.37531486146095716,0,22520,False,22510,21510
450,8058-DMYRU,0.37531486146095716,0,22510,False,22500,21500
451,8714-EUHJO,0.37531486146095716,1,22500,True,22590,21590
452,8749-CLJXC,0.37531486146095716,0,22590,False,22580,21580
453,8805-JNRAZ,0.37531486146095716,0,22580,False,22570,21570
454,8849-AYPTR,0.37531486146095716,0,22570,False,22560,21560
455,8914-RBTSB,0.37531486146095716,1,22560,True,22650,21650
456,8988-ECPJR,0.37531486146095716,1,22650,True,22740,21740
457,9079-YEXQJ,0.37531486146095716,1,22740,True,22830,21830
458,9278-VZKCD,0.37531486146095716,0,22830,False,22820,21820
459,9286-DOJGF,0.37531486146095716,1,22820,True,22910,21910
460,9369-XFEHK,0.37531486146095716,1,22910,True,23000,22000
461,9450-TRJUU,0.37531486146095716,0,23000,False,22990,21990
462,9508-ILZDG,0.37531486146095716,0,22990,False,22980,21980
463,9512-UIBFX,0.37531486146095716,1,22980,True,23070,22070
464,9537-VHDTA,0.37531486146095716,0,23070,False,23060,22060
465,9576-SYUHJ,0.37531486146095716,0,23060,False,23050,22050
466,9629-NHXFW,0.37531486146095716,0,23050,False,23040,22040
467,9710-ZUSHQ,0.37531486146095716,1,23040,True,23130,22130
468,9732-KPKBW,0.37531486146095716,1,23130,True,23220,22220
469,9822-WMWVG,0.37531486146095716,0,23220,False,23210,22210
470,9842-EFSYY,0.37531486146095716,0,23210,False,23200,22200
471,9944-AEXBM,0.37531486146095716,0,23200,False,23190,22190
472,9962-BFPDU,0.37531486146095716,0,23190,False,23180,22180
473,9979-RGMZT,0.37531486146095716,0,23180,False,23170,22170
474,0410-IPFTY,0.3409090909090909,0,23170,False,23160,22160
475,0422-UXFAP,0.3409090909090909,0,23160,False,23150,22150
476,0486-HECZI,0.3409090909090909,1,23150,True,23240,22240
477,0599-XNYDO,0.3409090909090909,0,23240,False,23230,22230
478,0730-KOAVE,0.3409090909090909,0,23230,False,23220,22220
479,1261-FWTTE,0.3409090909090909,0,23220,False,23210,22210
480,1357-BIJKI,0.3409090909090909,0,23210,False,23200,22200
481,1436-ZMJAN,0.3409090909090909,0,23200,False,23190,22190
482,1809-DMJHQ,0.3409090909090909,1,23190,True,23280,22280
483,2178-PMGCJ,0.3409090909090909,0,23280,False,23270,22270
484,2386-OWURY,0.3409090909090909,0,23270,False,23260,22260
485,2478-EEWWM,0.3409090909090909,0,23260,False,23250,22250
486,2692-PFYTJ,0.3409090909090909,0,23250,False,23240,22240
487,2782-LFZVW,0.3409090909090909,0,23240,False,23230,22230
488,2955-PSXOE,0.3409090909090909,1,23230,True,23320,22320
489,2960-NKRSO,0.3409090909090909,0,23320,False,23310,22310
490,2988-PLAHS,0.3409090909090909,0,23310,False,23300,22300
491,3173-NVMPX,0.3409090909090909,0,23300,False,23290,22290
492,3207-OYBWH,0.3409090909090909,1,23290,True,23380,22380
493,3237-AJGEH,0.3409090909090909,1,23380,True,23470,22470
494,3466-RITXD,0.3409090909090909,0,23470,False,23460,22460
495,3567-PQTSO,0.3409090909090909,0,23460,False,23450,22450
496,3569-EDBPQ,0.3409090909090909,0,23450,False,23440,22440
497,3679-XASPY,0.3409090909090909,0,23440,False,23430,22430
498,3930-ZGWVE,0.3409090909090909,0,23430,False,23420,22420
499,4660-IRIBM,0.3409090909090909,0,23420,False,23410,22410
500,4724-WXVWF,0.3409090909090909,0,23410,False,23400,22400
501,4892-VLANZ,0.3409090909090909,1,23400,True,23490,22490
502,4937-QPZPO,0.3409090909090909,0,23490,False,23480,22480
503,4983-CLMLV,0.3409090909090909,0,23480,False,23470,22470
504,5301-GAUUY,0.3409090909090909,1,23470,True,23560,22560
505,5419-KLXBN,0.3409090909090909,1,23560,True,23650,22650
506,5766-ZJYBB,0.3409090909090909,1,23650,True,23740,22740
507,5804-HYIEZ,0.3409090909090909,0,23740,False,23730,22730
508,6234-PFPXL,0.3409090909090909,0,23730,False,23720,22720
509,6704-UTUKK,0.3409090909090909,0,23720,False,23710,22710
510,6711-VTNRE,0.3409090909090909,1,23710,True,23800,22800
511,6729-GDNGC,0.3409090909090909,0,23800,False,23790,22790
512,6769-DYBQN,0.3409090909090909,1,23790,True,23880,22880
513,7055-HNEOJ,0.3409090909090909,0,23880,False,23870,22870
514,7239-HZZCX,0.3409090909090909,1,23870,True,23960,22960
515,7733-UDMTP,0.3409090909090909,0,23960,False,23950,22950
516,8033-VCZGH,0.3409090909090909,0,23950,False,23940,22940
517,8158-WPEZG,0.3409090909090909,0,23940,False,23930,22930
518,9112-WSNPU,0.3409090909090909,0,23930,False,23920,22920
519,9381-NDKME,0.3409090909090909,1,23920,True,24010,23010
520,9812-GHVRI,0.3409090909090909,0,24010,False,24000,23000
521,9819-FBNSV,0.3409090909090909,0,24000,False,23990,22990
522,6646-QVXLR,0.33052891087718933,1,23990,True,24080,23080
523,0013-MHZWF,0.3014705882352941,0,24080,False,24070,23070
524,0327-WFZSY,0.3014705882352941,0,24070,False,24060,23060
525,0363-QJVFX,0.3014705882352941,1,24060,True,24150,23150
526,1074-AMIOH,0.3014705882352941,0,24150,False,24140,23140
527,1169-WCVAK,0.3014705882352941,0,24140,False,24130,23130
528,1194-SPVSP,0.3014705882352941,0,24130,False,24120,23120
529,1465-LNTLJ,0.3014705882352941,0,24120,False,24110,23110
530,1493-AMTIE,0.3014705882352941,1,24110,True,24200,23200
531,1559-DTODC,0.3014705882352941,0,24200,False,24190,23190
532,1956-YIFGE,0.3014705882352941,0,24190,False,24180,23180
533,1963-VAUKV,0.3014705882352941,1,24180,True,24270,23270
534,2108-YKQTY,0.3014705882352941,1,24270,True,24360,23360
535,2391-SOORI,0.3014705882352941,1,24360,True,24450,23450
536,2522-AHJXR,0.3014705882352941,0,24450,False,24440,23440
537,2668-TZSPS,0.3014705882352941,0,24440,False,24430,23430
538,2770-NSVDG,0.3014705882352941,0,24430,False,24420,23420
539,3018-TFTSU,0.3014705882352941,1,24420,True,24510,23510
540,3094-JOJAI,0.3014705882352941,0,24510,False,24500,23500
541,3976-NLDEZ,0.3014705882352941,0,24500,False,24490,23490
542,3982-XWFZQ,0.3014705882352941,1,24490,True,24580,23580
543,4013-GUXND,0.3014705882352941,0,24580,False,24570,23570
544,4067-HLYQI,0.3014705882352941,0,24570,False,24560,23560
545,4211-MMAZN,0.3014705882352941,1,24560,True,24650,23650
546,4226-KKDON,0.3014705882352941,0,24650,False,24640,23640
547,4256-ZWTZI,0.3014705882352941,0,24640,False,24630,23630
548,4323-SADQS,0.3014705882352941,1,24630,True,24720,23720
549,4468-YDOVK,0.3014705882352941,0,24720,False,24710,23710
550,4526-ZJJTM,0.3014705882352941,0,24710,False,24700,23700
551,4905-JEFDW,0.3014705882352941,1,24700,True,24790,23790
552,4993-JCRGJ,0.3014705882352941,0,24790,False,24780,23780
553,5402-HTOTQ,0.3014705882352941,0,24780,False,24770,23770
554,5575-TPIZQ,0.3014705882352941,0,24770,False,24760,23760
555,5600-PDUJF,0.3014705882352941,0,24760,False,24750,23750
556,5934-TSSAU,0.3014705882352941,0,24750,False,24740,23740
557,6257-RJOHI,0.3014705882352941,0,24740,False,24730,23730
558,7067-KSAZT,0.3014705882352941,1,24730,True,24820,23820
559,7251-LJBQN,0.3014705882352941,0,24820,False,24810,23810
560,7504-UWHNB,0.3014705882352941,0,24810,False,24800,23800
561,7876-BEUTG,0.3014705882352941,0,24800,False,24790,23790
562,7893-IXHRQ,0.3014705882352941,1,24790,True,24880,23880
563,7957-RYHQD,0.3014705882352941,1,24880,True,24970,23970
564,8450-JOVAH,0.3014705882352941,1,24970,True,25060,24060
565,8620-RJPZN,0.3014705882352941,0,25060,False,25050,24050
566,8728-SKJLR,0.3014705882352941,0,25050,False,25040,24040
567,8992-CEUEN,0.3014705882352941,0,25040,False,25030,24030
568,9122-UMROB,0.3014705882352941,0,25030,False,25020,24020
569,9767-FFLEM,0.3014705882352941,0,25020,False,25010,24010
570,0365-GXEZS,0.23504273504273504,0,25010,False,25000,24000
571,0471-ARVMX,0.23504273504273504,0,25000,False,24990,23990
572,0668-OGMHD,0.23504273504273504,0,24990,False,24980,23980
573,0742-MOABM,0.23504273504273504,1,24980,True,25070,24070
574,0913-XWSCN,0.23504273504273504,0,25070,False,25060,24060
575,0959-WHOKV,0.23504273504273504,0,25060,False,25050,24050
576,1015-OWJKI,0.23504273504273504,0,25050,False,25040,24040
577,1205-WNWPJ,0.23504273504273504,1,25040,True,25130,24130
578,1217-VASWC,0.23504273504273504,0,25130,False,25120,24120
579,1360-JYXKQ,0.23504273504273504,0,25120,False,25110,24110
580,1370-GGAWX,0.23504273504273504,0,25110,False,25100,24100
581,1550-LOAHA,0.23504273504273504,1,25100,True,25190,24190
582,1575-KRZZE,0.23504273504273504,0,25190,False,25180,24180
583,1848-LBZHY,0.23504273504273504,0,25180,False,25170,24170
584,2139-FQHLM,0.23504273504273504,0,25170,False,25160,24160
585,2190-BCXEC,0.23504273504273504,0,25160,False,25150,24150
586,2279-AXJJK,0.23504273504273504,0,25150,False,25140,24140
587,2293-IJWPS,0.23504273504273504,0,25140,False,25130,24130
588,2669-QVCRG,0.23504273504273504,0,25130,False,25120,24120
589,2700-LUEVA,0.23504273504273504,0,25120,False,25110,24110
590,2924-KHUVI,0.23504273504273504,0,25110,False,25100,24100
591,3090-QFUVD,0.23504273504273504,0,25100,False,25090,24090
592,3594-KADLU,0.23504273504273504,0,25090,False,25080,24080
593,3604-WLABM,0.23504273504273504,0,25080,False,25070,24070
594,3756-VNWDH,0.23504273504273504,0,25070,False,25060,24060
595,4619-EVPHY,0.23504273504273504,0,25060,False,25050,24050
596,4640-UHDOS,0.23504273504273504,1,25050,True,25140,24140
597,5136-GFPMB,0.23504273504273504,0,25140,False,25130,24130
598,5186-EJEGL,0.23504273504273504,0,25130,False,25120,24120
599,5213-TWWJU,0.23504273504273504,0,25120,False,25110,24110
600,5438-QMDDL,0.23504273504273504,0,25110,False,25100,24100
601,6227-HWPWX,0.23504273504273504,1,25100,True,25190,24190
602,6284-KMNUF,0.23504273504273504,0,25190,False,25180,24180
603,6429-SHBCB,0.23504273504273504,0,25180,False,25170,24170
604,6473-ULUHT,0.23504273504273504,0,25170,False,25160,24160
605,6483-OATDN,0.23504273504273504,0,25160,False,25150,24150
606,6559-RAKOZ,0.23504273504273504,0,25150,False,25140,24140
607,6664-FPDAC,0.23504273504273504,1,25140,True,25230,24230
608,6773-LQTVT,0.23504273504273504,0,25230,False,25220,24220
609,6815-ABQFQ,0.23504273504273504,0,25220,False,25210,24210
610,6825-UYPFK,0.23504273504273504,1,25210,True,25300,24300
611,6854-EXGSF,0.23504273504273504,0,25300,False,25290,24290
612,6946-LMSQS,0.23504273504273504,1,25290,True,25380,24380
613,7251-XFOIL,0.23504273504273504,0,25380,False,25370,24370
614,7398-LXGYX,0.23504273504273504,0,25370,False,25360,24360
615,7426-WEIJX,0.23504273504273504,0,25360,False,25350,24350
616,7669-LCRSD,0.23504273504273504,0,25350,False,25340,24340
617,8455-HIRAQ,0.23504273504273504,0,25340,False,25330,24330
618,8495-PRWFH,0.23504273504273504,0,25330,False,25320,24320
619,8840-DQLGN,0.23504273504273504,1,25320,True,25410,24410
620,9089-UOWJG,0.23504273504273504,0,25410,False,25400,24400
621,9163-GHAYE,0.23504273504273504,0,25400,False,25390,24390
622,9327-QSDED,0.23504273504273504,0,25390,False,25380,24380
623,9374-YOLBJ,0.23504273504273504,0,25380,False,25370,24370
624,9481-SFCQY,0.23504273504273504,0,25370,False,25360,24360
625,9544-PYPSJ,0.23504273504273504,0,25360,False,25350,24350
626,9700-ISPUP,0.23504273504273504,0,25350,False,25340,24340
627,0058-EVZWM,0.20050761421319796,0,25340,False,25330,24330
628,0365-TRTPY,0.20050761421319796,0,25330,False,25320,24320
629,0431-APWVY,0.20050761421319796,1,25320,True,25410,24410
630,0440-QEXBZ,0.20050761421319796,0,25410,False,25400,24400
631,0463-WZZKO,0.20050761421319796,0,25400,False,25390,24390
632,0701-TJSEF,0.20050761421319796,0,25390,False,25380,24380
633,0870-VEMYL,0.20050761421319796,1,25380,True,25470,24470
634,1087-UDSIH,0.20050761421319796,1,25470,True,25560,24560
635,1110-KYLGQ,0.20050761421319796,0,25560,False,25550,24550
636,1174-FGIFN,0.20050761421319796,0,25550,False,25540,24540
637,1360-XFJMR,0.20050761421319796,0,25540,False,25530,24530
638,1395-OFUWC,0.20050761421319796,0,25530,False,25520,24520
639,1470-PSXNM,0.20050761421319796,0,25520,False,25510,24510
640,2019-HDCZY,0.20050761421319796,0,25510,False,25500,24500
641,2087-QAREY,0.20050761421319796,0,25500,False,25490,24490
642,2195-VVRJF,0.20050761421319796,0,25490,False,25480,24480
643,2252-JHJGE,0.20050761421319796,0,25480,False,25470,24470
644,2257-BOVXD,0.20050761421319796,0,25470,False,25460,24460
645,2294-DMMUS,0.20050761421319796,0,25460,False,25450,24450
646,2432-TFSMK,0.20050761421319796,0,25450,False,25440,24440
647,2446-ZKVAF,0.20050761421319796,0,25440,False,25430,24430
648,2480-EJWYP,0.20050761421319796,0,25430,False,25420,24420
649,2659-VXMWZ,0.20050761421319796,1,25420,True,25510,24510
650,2750-BJLSB,0.20050761421319796,0,25510,False,25500,24500
651,2778-OCLGR,0.20050761421319796,1,25500,True,25590,24590
652,2828-SLQPF,0.20050761421319796,0,25590,False,25580,24580
653,2995-UPRYS,0.20050761421319796,1,25580,True,25670,24670
654,3069-SSVSN,0.20050761421319796,0,25670,False,25660,24660
655,3179-GBRWV,0.20050761421319796,0,25660,False,25650,24650
656,3313-QKNKB,0.20050761421319796,1,25650,True,25740,24740
657,3325-FUYCG,0.20050761421319796,1,25740,True,25830,24830
658,3413-CSSTH,0.20050761421319796,0,25830,False,25820,24820
659,3594-IVHJZ,0.20050761421319796,0,25820,False,25810,24810
660,3639-XJHKQ,0.20050761421319796,0,25810,False,25800,24800
661,3780-DDGSE,0.20050761421319796,0,25800,False,25790,24790
662,3858-XHYJO,0.20050761421319796,0,25790,False,25780,24780
663,3865-ZYKAD,0.20050761421319796,0,25780,False,25770,24770
664,3893-JRNFS,0.20050761421319796,0,25770,False,25760,24760
665,4003-FUSHP,0.20050761421319796,0,25760,False,25750,24750
666,4016-BJKTZ,0.20050761421319796,0,25750,False,25740,24740
667,4184-VODJZ,0.20050761421319796,0,25740,False,25730,24730
668,4190-MFLUW,0.20050761421319796,1,25730,True,25820,24820
669,4402-FTBXC,0.20050761421319796,0,25820,False,25810,24810
670,4524-QCSSM,0.20050761421319796,0,25810,False,25800,24800
671,4672-FOTSD,0.20050761421319796,0,25800,False,25790,24790
672,4695-VADHF,0.20050761421319796,1,25790,True,25880,24880
673,4753-PADAS,0.20050761421319796,0,25880,False,25870,24870
674,4819-HJPIW,0.20050761421319796,0,25870,False,25860,24860
675,5136-RGMZO,0.20050761421319796,0,25860,False,25850,24850
676,5440-VHLUL,0.20050761421319796,0,25850,False,25840,24840
677,5469-CTCWN,0.20050761421319796,1,25840,True,25930,24930
678,5482-NUPNA,0.20050761421319796,1,25930,True,26020,25020
679,5533-RJFTJ,0.20050761421319796,0,26020,False,26010,25010
680,5630-AHZIL,0.20050761421319796,0,26010,False,26000,25000
681,5949-EBSQK,0.20050761421319796,1,26000,True,26090,25090
682,5949-HGVJL,0.20050761421319796,0,26090,False,26080,25080
683,6184-DYUOB,0.20050761421319796,0,26080,False,26070,25070
684,6270-OMFIW,0.20050761421319796,1,26070,True,26160,25160
685,6297-NOOPG,0.20050761421319796,0,26160,False,26150,25150
686,6366-XIVKZ,0.20050761421319796,0,26150,False,26140,25140
687,6497-TILVL,0.20050761421319796,0,26140,False,26130,25130
688,6583-SZVGP,0.20050761421319796,0,26130,False,26120,25120
689,6713-OKOMC,0.20050761421319796,0,26120,False,26110,25110
690,6733-LRIZX,0.20050761421319796,0,26110,False,26100,25100
691,6777-TGHTM,0.20050761421319796,1,26100,True,26190,25190
692,6874-SGLHU,0.20050761421319796,0,26190,False,26180,25180
693,6890-PFRQX,0.20050761421319796,0,26180,False,26170,25170
694,6898-MDLZW,0.20050761421319796,0,26170,False,26160,25160
695,7054-ENNGU,0.20050761421319796,0,26160,False,26150,25150
696,7124-UGSUR,0.20050761421319796,1,26150,True,26240,25240
697,7130-CTCUS,0.20050761421319796,0,26240,False,26230,25230
698,7134-MJPDY,0.20050761421319796,0,26230,False,26220,25220
699,7395-XWZOY,0.20050761421319796,0,26220,False,26210,25210
700,7410-KTVFV,0.20050761421319796,1,26210,True,26300,25300
701,7572-KPVKK,0.20050761421319796,0,26300,False,26290,25290
702,8190-ZTQFB,0.20050761421319796,0,26290,False,26280,25280
703,8433-WPJTV,0.20050761421319796,0,26280,False,26270,25270
704,8623-ULFNQ,0.20050761421319796,0,26270,False,26260,25260
705,8671-KKKOS,0.20050761421319796,0,26260,False,26250,25250
706,8930-XOTDP,0.20050761421319796,0,26250,False,26240,25240
707,9103-TCIHJ,0.20050761421319796,1,26240,True,26330,25330
708,9254-RBFON,0.20050761421319796,1,26330,True,26420,25420
709,9701-CDXHR,0.20050761421319796,0,26420,False,26410,25410
710,9844-FELAJ,0.20050761421319796,0,26410,False,26400,25400
711,1855-CFULU,0.16129032258064516,0,26400,False,26390,25390
712,2307-FYNNL,0.16129032258064516,0,26390,False,26380,25380
713,2843-CQMEG,0.16129032258064516,0,26380,False,26370,25370
714,3694-GLTJM,0.16129032258064516,0,26370,False,26360,25360
715,5140-FOMCQ,0.16129032258064516,0,26360,False,26350,25350
716,5198-EFNBM,0.16129032258064516,0,26350,False,26340,25340
717,5966-EMAZU,0.16129032258064516,0,26340,False,26330,25330
718,9013-AQORL,0.16129032258064516,0,26330,False,26320,25320
719,9097-ZUBYC,0.16129032258064516,0,26320,False,26310,25310
720,9115-YQHGA,0.16129032258064516,0,26310,False,26300,25300
721,9633-DENPU,0.16129032258064516,0,26300,False,26290,25290
722,9820-RMCQV,0.16129032258064516,1,26290,True,26380,25380
723,9972-VAFJJ,0.16129032258064516,0,26380,False,26370,25370
724,1629-DQQVB,0.14285714285714285,0,26370,False,26360,25360
725,1707-HABPF,0.14285714285714285,0,26360,False,26350,25350
726,2001-EWBQU,0.14285714285714285,0,26350,False,26340,25340
727,3729-OWRVL,0.14285714285714285,0,26340,False,26330,25330
728,7159-NOKYQ,0.14285714285714285,0,26330,False,26320,25320
729,7879-CGSFV,0.14285714285714285,0,26320,False,26310,25310
730,8713-IGZSO,0.14285714285714285,0,26310,False,26300,25300
731,0048-LUMLS,0.13086419753086417,0,26300,False,26290,25290
732,0178-CIIKR,0.13086419753086417,0,26290,False,26280,25280
733,0257-KXZGU,0.13086419753086417,0,26280,False,26270,25270
734,0440-UEDAI,0.13086419753086417,0,26270,False,26260,25260
735,0447-BEMNG,0.13086419753086417,1,26260,True,26350,25350
736,0516-OOHAR,0.13086419753086417,0,26350,False,26340,25340
737,0516-UXRMT,0.13086419753086417,0,26340,False,26330,25330
738,0719-SYFRB,0.13086419753086417,1,26330,True,26420,25420
739,0733-VUNUW,0.13086419753086417,1,26420,True,26510,25510
740,0816-TSPHQ,0.13086419753086417,0,26510,False,26500,25500
741,0997-YTLNY,0.13086419753086417,0,26500,False,26490,25490
742,1051-GEJLJ,0.13086419753086417,0,26490,False,26480,25480
743,1131-SUEKT,0.13086419753086417,0,26480,False,26470,25470
744,1346-PJWTK,0.13086419753086417,0,26470,False,26460,25460
745,1385-TQOZW,0.13086419753086417,0,26460,False,26450,25450
746,1492-QGCLU,0.13086419753086417,0,26450,False,26440,25440
747,1530-ZTDOZ,0.13086419753086417,0,26440,False,26430,25430
748,1852-XEMDW,0.13086419753086417,0,26430,False,26420,25420
749,2001-MCUUW,0.13086419753086417,0,26420,False,26410,25410
750,2091-MJTFX,0.13086419753086417,1,26410,True,26500,25500
751,2155-AMQRX,0.13086419753086417,0,26500,False,26490,25490
752,2159-TURXX,0.13086419753086417,0,26490,False,26480,25480
753,2165-VOEGB,0.13086419753086417,1,26480,True,26570,25570
754,2250-IVBWA,0.13086419753086417,0,26570,False,26560,25560
755,2308-STERM,0.13086419753086417,0,26560,False,26550,25550
756,2748-MYRVK,0.13086419753086417,1,26550,True,26640,25640
757,2758-RNWXS,0.13086419753086417,0,26640,False,26630,25630
758,2839-RFSQE,0.13086419753086417,1,26630,True,26720,25720
759,2972-YDYUW,0.13086419753086417,0,26720,False,26710,25710
760,3077-RSNTJ,0.13086419753086417,0,26710,False,26700,25700
761,3096-WPXBT,0.13086419753086417,0,26700,False,26690,25690
762,3523-QRQLL,0.13086419753086417,1,26690,True,26780,25780
763,3675-EQOZA,0.13086419753086417,0,26780,False,26770,25770
764,3680-CTHUH,0.13086419753086417,0,26770,False,26760,25760
765,3794-NFNCH,0.13086419753086417,0,26760,False,26750,25750
766,3896-RCYYE,0.13086419753086417,0,26750,False,26740,25740
767,3948-FVVRP,0.13086419753086417,0,26740,False,26730,25730
768,4075-JFPGR,0.13086419753086417,0,26730,False,26720,25720
769,4079-VTGLK,0.13086419753086417,0,26720,False,26710,25710
770,4160-AMJTL,0.13086419753086417,1,26710,True,26800,25800
771,4237-CLSMM,0.13086419753086417,0,26800,False,26790,25790
772,4332-MUOEZ,0.13086419753086417,0,26790,False,26780,25780
773,4353-HYOJD,0.13086419753086417,0,26780,False,26770,25770
774,4377-VDHYI,0.13086419753086417,0,26770,False,26760,25760
775,4396-KLSEH,0.13086419753086417,0,26760,False,26750,25750
776,4419-UJMUS,0.13086419753086417,0,26750,False,26740,25740
777,4489-SNOJF,0.13086419753086417,1,26740,True,26830,25830
778,4693-VWVBO,0.13086419753086417,0,26830,False,26820,25820
779,4700-UBQMV,0.13086419753086417,0,26820,False,26810,25810
780,4701-AHWMW,0.13086419753086417,1,26810,True,26900,25900
781,4701-MLJPN,0.13086419753086417,1,26900,True,26990,25990
782,4945-RVMTE,0.13086419753086417,0,26990,False,26980,25980
783,5014-WUQMG,0.13086419753086417,0,26980,False,26970,25970
784,5027-YOCXN,0.13086419753086417,0,26970,False,26960,25960
785,5155-AZQPB,0.13086419753086417,0,26960,False,26950,25950
786,5236-PERKL,0.13086419753086417,1,26950,True,27040,26040
787,5240-CAOYT,0.13086419753086417,0,27040,False,27030,26030
788,5445-PZWGX,0.13086419753086417,1,27030,True,27120,26120
789,5473-KHBPS,0.13086419753086417,0,27120,False,27110,26110
790,5514-YQENT,0.13086419753086417,0,27110,False,27100,26100
791,5850-BDWCY,0.13086419753086417,0,27100,False,27090,26090
792,5921-NGYRH,0.13086419753086417,0,27090,False,27080,26080
793,5951-AOFIH,0.13086419753086417,0,27080,False,27070,26070
794,6164-HXUGH,0.13086419753086417,0,27070,False,27060,26060
795,6198-PNNSZ,0.13086419753086417,0,27060,False,27050,26050
796,6383-ZTSIW,0.13086419753086417,0,27050,False,27040,26040
797,6421-SZVEM,0.13086419753086417,0,27040,False,27030,26030
798,6682-QJDGB,0.13086419753086417,1,27030,True,27120,26120
799,6776-TLWOI,0.13086419753086417,1,27120,True,27210,26210
800,6900-RBKER,0.13086419753086417,0,27210,False,27200,26200
801,6968-MHOMU,0.13086419753086417,0,27200,False,27190,26190
802,6993-YCOBK,0.13086419753086417,0,27190,False,27180,26180
803,7017-VFULY,0.13086419753086417,0,27180,False,27170,26170
804,7036-TYDEC,0.13086419753086417,0,27170,False,27160,26160
805,7629-WIXZF,0.13086419753086417,0,27160,False,27150,26150
806,7764-BDPEE,0.13086419753086417,0,27150,False,27140,26140
807,7789-CRUVC,0.13086419753086417,0,27140,False,27130,26130
808,7803-XOCCZ,0.13086419753086417,0,27130,False,27120,26120
809,7854-EKTJL,0.13086419753086417,1,27120,True,27210,26210
810,7919-ZODZZ,0.13086419753086417,0,27210,False,27200,26200
811,8166-ORCHU,0.13086419753086417,0,27200,False,27190,26190
812,8401-EMUWF,0.13086419753086417,0,27190,False,27180,26180
813,8582-KRHPJ,0.13086419753086417,0,27180,False,27170,26170
814,8741-LQOBK,0.13086419753086417,0,27170,False,27160,26160
815,8849-GYOKR,0.13086419753086417,1,27160,True,27250,26250
816,8985-OOPOS,0.13086419753086417,0,27250,False,27240,26240
817,9033-EOXWV,0.13086419753086417,1,27240,True,27330,26330
818,9039-RBEEE,0.13086419753086417,1,27330,True,27420,26420
819,9107-UKCKY,0.13086419753086417,0,27420,False,27410,26410
820,9139-WQQDY,0.13086419753086417,1,27410,True,27500,26500
821,9308-ANMVE,0.13086419753086417,0,27500,False,27490,26490
822,9330-VOFSZ,0.13086419753086417,0,27490,False,27480,26480
823,9378-FXTIZ,0.13086419753086417,1,27480,True,27570,26570
824,9405-GPBBG,0.13086419753086417,0,27570,False,27560,26560
825,9565-JSNFM,0.13086419753086417,1,27560,True,27650,26650
826,9788-YTFGE,0.13086419753086417,0,27650,False,27640,26640
827,9822-BIIGN,0.13086419753086417,0,27640,False,27630,26630
828,9909-DFRJA,0.13086419753086417,0,27630,False,27620,26620
829,9986-BONCE,0.13086419753086417,1,27620,True,27710,26710
830,0289-IVARM,0.12,0,27710,False,27700,26700
831,0377-JBKKT,0.12,0,27700,False,27690,26690
832,0743-HRVFF,0.12,0,27690,False,27680,26680
833,1444-VVSGW,0.12,1,27680,True,27770,26770
834,2212-LYASK,0.12,0,27770,False,27760,26760
835,2323-ARSVR,0.12,0,27760,False,27750,26750
836,2533-QVMSK,0.12,1,27750,True,27840,26840
837,3571-DPYUH,0.12,0,27840,False,27830,26830
838,3847-BAERP,0.12,0,27830,False,27820,26820
839,4002-BQWPQ,0.12,0,27820,False,27810,26810
840,4759-PXTAN,0.12,0,27810,False,27800,26800
841,5271-YNWVR,0.12,1,27800,True,27890,26890
842,5446-DKWYW,0.12,0,27890,False,27880,26880
843,6075-QMNRR,0.12,0,27880,False,27870,26870
844,6258-NGCNG,0.12,0,27870,False,27860,26860
845,7641-TQFHN,0.12,0,27860,False,27850,26850
846,7666-WKRON,0.12,1,27850,True,27940,26940
847,7691-XVTZH,0.12,0,27940,False,27930,26930
848,7750-EYXWZ,0.12,0,27930,False,27920,26920
849,8053-WWDRO,0.12,1,27920,True,28010,27010
850,8970-ANWXO,0.12,0,28010,False,28000,27000
851,9128-CPXKI,0.12,0,28000,False,27990,26990
852,9364-YKUVW,0.12,0,27990,False,27980,26980
853,9480-BQJEI,0.12,0,27980,False,27970,26970
854,9586-JGQKH,0.12,0,27970,False,27960,26960
855,0106-UGRDO,0.11678832116788321,0,27960,False,27950,26950
856,0484-FFVBJ,0.11678832116788321,0,27950,False,27940,26940
857,0661-KBKPA,0.11678832116788321,0,27940,False,27930,26930
858,0665-XHDJU,0.11678832116788321,0,27930,False,27920,26920
859,0727-BNRLG,0.11678832116788321,0,27920,False,27910,26910
860,0895-LMRSF,0.11678832116788321,0,27910,False,27900,26900
861,1097-FSPVW,0.11678832116788321,0,27900,False,27890,26890
862,1136-XGEQU,0.11678832116788321,0,27890,False,27880,26880
863,1784-BXEFA,0.11678832116788321,0,27880,False,27870,26870
864,2129-ALKBS,0.11678832116788321,0,27870,False,27860,26860
865,2408-PSJVE,0.11678832116788321,0,27860,False,27850,26850
866,2428-ZMCTB,0.11678832116788321,0,27850,False,27840,26840
867,2746-DIJLO,0.11678832116788321,0,27840,False,27830,26830
868,2969-WGHQO,0.11678832116788321,0,27830,False,27820,26820
869,3011-WQKSZ,0.11678832116788321,0,27820,False,27810,26810
870,3181-MIZBN,0.11678832116788321,0,27810,False,27800,26800
871,3594-UVONA,0.11678832116788321,1,27800,True,27890,26890
872,4378-MYPGO,0.11678832116788321,0,27890,False,27880,26880
873,4785-QRJHC,0.11678832116788321,1,27880,True,27970,26970
874,4830-FAXFM,0.11678832116788321,0,27970,False,27960,26960
875,5236-XMZJY,0.11678832116788321,0,27960,False,27950,26950
876,5360-LJCNJ,0.11678832116788321,0,27950,False,27940,26940
877,5566-SOEZD,0.11678832116788321,0,27940,False,27930,26930
878,6112-KTHFQ,0.11678832116788321,0,27930,False,27920,26920
879,6242-SGYTS,0.11678832116788321,0,27920,False,27910,26910
880,6568-POCUI,0.11678832116788321,0,27910,False,27900,26900
881,6734-FQAJX,0.11678832116788321,0,27900,False,27890,26890
882,6766-HFKLA,0.11678832116788321,0,27890,False,27880,26880
883,6838-HVLXG,0.11678832116788321,0,27880,False,27870,26870
884,6968-URWQU,0.11678832116788321,0,27870,False,27860,26860
885,7233-IOQNP,0.11678832116788321,0,27860,False,27850,26850
886,7266-GSSJX,0.11678832116788321,0,27850,False,27840,26840
887,7531-GQHME,0.11678832116788321,0,27840,False,27830,26830
888,7663-CUXZB,0.11678832116788321,0,27830,False,27820,26820
889,8034-RYTVV,0.11678832116788321,0,27820,False,27810,26810
890,8400-WZICQ,0.11678832116788321,0,27810,False,27800,26800
891,8409-WQJUX,0.11678832116788321,0,27800,False,27790,26790
892,8457-XIGKN,0.11678832116788321,0,27790,False,27780,26780
893,8735-NBLWT,0.11678832116788321,0,27780,False,27770,26770
894,9138-EFSMO,0.11678832116788321,0,27770,False,27760,26760
895,9143-CANJF,0.11678832116788321,0,27760,False,27750,26750
896,9256-JTBNZ,0.11678832116788321,0,27750,False,27740,26740
897,9367-TCUYN,0.11678832116788321,0,27740,False,27730,26730
898,9402-ROUMJ,0.11678832116788321,0,27730,False,27720,26720
899,9931-KGHOA,0.11678832116788321,0,27720,False,27710,26710
900,0076-LVEPS,0.10309278350515463,0,27710,False,27700,26700
901,0297-RBCSG,0.10309278350515463,0,27700,False,27690,26690
902,0725-CXOTM,0.10309278350515463,0,27690,False,27680,26680
903,0868-VJRDR,0.10309278350515463,0,27680,False,27670,26670
904,1036-GUDCL,0.10309278350515463,0,27670,False,27660,26660
905,1150-WFARN,0.10309278350515463,1,27660,True,27750,26750
906,1264-FUHCX,0.10309278350515463,0,27750,False,27740,26740
907,3339-EAQNV,0.10309278350515463,0,27740,False,27730,26730
908,3623-FQBOX,0.10309278350515463,0,27730,False,27720,26720
909,3733-UOCWF,0.10309278350515463,0,27720,False,27710,26710
910,3766-EJLFL,0.10309278350515463,0,27710,False,27700,26700
911,4501-UYKBC,0.10309278350515463,0,27700,False,27690,26690
912,4627-MIHJH,0.10309278350515463,0,27690,False,27680,26680
913,5671-RQRLP,0.10309278350515463,0,27680,False,27670,26670
914,6784-XYJAE,0.10309278350515463,0,27670,False,27660,26660
915,6797-LNAQX,0.10309278350515463,1,27660,True,27750,26750
916,7654-YWJUF,0.10309278350515463,0,27750,False,27740,26740
917,8646-JCOMS,0.10309278350515463,0,27740,False,27730,26730
918,8819-ZBYNA,0.10309278350515463,0,27730,False,27720,26720
919,9917-KWRBE,0.10309278350515463,0,27720,False,27710,26710
920,9972-NKTFD,0.10309278350515463,0,27710,False,27700,26700
